index,id,status,amount,direction,account,class,category,year,month,day,accountName
0,b19e0d9d-3708-4b1d-a3b8-8b77d258bc3b,posted,14.38,debit,284eeb87-2bf3-4709-ba09-4e9527d15322,payment,Supermarket and Grocery Stores,2023,Apr,01,MasterCard
1,b0c4f314-fb4f-43a0-b10a-7c9f2c51c7e1,posted,226.69,debit,284eeb87-2bf3-4709-ba09-4e9527d15322,payment,Supermarket and Grocery Stores,2023,Mar,29,MasterCard
3,562c744e-c65c-481a-b226-5b7750bbba15,posted,20.9,debit,284eeb87-2bf3-4709-ba09-4e9527d15322,payment,"Cafes, Restaurants and Takeaway Food Services",2023,Mar,19,MasterCard
4,b0ecdeef-224c-49e7-a87e-28e2b4147880,posted,45.95,debit,284eeb87-2bf3-4709-ba09-4e9527d15322,payment,Specialised Food Retailing,2023,Mar,17,MasterCard
5,510a847d-e2b2-48b6-9b97-4864fef1c15c,posted,43.31,debit,284eeb87-2bf3-4709-ba09-4e9527d15322,payment,Specialised Food Retailing,2023,Mar,16,MasterCard
6,e9b726b1-c947-4710-9351-f51aa6ac0f89,posted,40.97,debit,284eeb87-2bf3-4709-ba09-4e9527d15322,payment,Specialised Food Retailing,2023,Mar,15,MasterCard
7,f7879aff-f786-4d4c-8798-24cf33b11b87,posted,122.79,debit,284eeb87-2bf3-4709-ba09-4e9527d15322,payment,Supermarket and Grocery Stores,2023,Mar,15,MasterCard
8,e1e7d8dc-3a97-4535-862e-9b22d2edfd5a,posted,26.83,debit,284eeb87-2bf3-4709-ba09-4e9527d15322,payment,"Cafes, Restaurants and Takeaway Food Services",2023,Mar,14,MasterCard
9,1e913068-690b-4a65-93e6-414f7c10f223,posted,13.98,debit,284eeb87-2bf3-4709-ba09-4e9527d15322,payment,"Cafes, Restaurants and Takeaway Food Services",2023,Mar,12,MasterCard
10,7d3e4eed-39d4-4486-ad31-358728b0a31c,posted,25.37,debit,284eeb87-2bf3-4709-ba09-4e9527d15322,payment,Unknown,2023,Mar,12,MasterCard
11,db4a2a0f-0b99-4545-b71f-b597e86bcfe5,posted,3.08,debit,284eeb87-2bf3-4709-ba09-4e9527d15322,payment,Auxiliary Finance and Investment Services,2023,Mar,12,MasterCard
12,4dbbc328-393d-431a-ae79-844c13e55954,posted,100.97,debit,284eeb87-2bf3-4709-ba09-4e9527d15322,payment,Fuel Retailing,2023,Mar,11,MasterCard
13,004d2dca-ef06-4a43-9b7f-f1c281eae544,posted,88.39,debit,284eeb87-2bf3-4709-ba09-4e9527d15322,payment,Supermarket and Grocery Stores,2023,Mar,11,MasterCard
14,8063f6e1-77d8-42aa-9dbe-481e58c2edbf,posted,11.37,debit,284eeb87-2bf3-4709-ba09-4e9527d15322,payment,"Cafes, Restaurants and Takeaway Food Services",2023,Mar,09,MasterCard
16,ed4a5992-3580-4a74-baa9-0083719df979,posted,74.81,debit,284eeb87-2bf3-4709-ba09-4e9527d15322,payment,Fuel Retailing,2023,Mar,07,MasterCard
17,07af0864-9d4f-4b54-ba44-ab0d37ff2fec,posted,61.0,debit,284eeb87-2bf3-4709-ba09-4e9527d15322,payment,Supermarket and Grocery Stores,2023,Mar,07,MasterCard
18,8a1beb6f-0a07-45c3-a9fa-1e85248ad09b,posted,49.0,debit,284eeb87-2bf3-4709-ba09-4e9527d15322,payment,Supermarket and Grocery Stores,2023,Mar,06,MasterCard
19,c13ab450-99cf-42f6-b471-e86ec1a969d7,posted,32.33,debit,284eeb87-2bf3-4709-ba09-4e9527d15322,payment,Supermarket and Grocery Stores,2023,Mar,03,MasterCard
20,b15ebb29-a822-4696-af64-a88b507d7082,posted,28.67,debit,284eeb87-2bf3-4709-ba09-4e9527d15322,payment,Supermarket and Grocery Stores,2023,Mar,03,MasterCard
21,a4dc5957-b0a9-48a5-b6e5-0f880cba1a82,posted,5.72,debit,284eeb87-2bf3-4709-ba09-4e9527d15322,payment,"Cafes, Restaurants and Takeaway Food Services",2023,Mar,03,MasterCard
22,c072de08-f521-4448-b9bd-a99b54d531c1,posted,238.51,debit,284eeb87-2bf3-4709-ba09-4e9527d15322,payment,Supermarket and Grocery Stores,2023,Feb,28,MasterCard
23,cfb90ff5-af13-4e08-b3b0-67bd503e7964,posted,226.84,debit,284eeb87-2bf3-4709-ba09-4e9527d15322,payment,Supermarket and Grocery Stores,2023,Feb,27,MasterCard
24,d128b451-fed6-4143-9537-6bcaae94cfef,posted,210.53,debit,284eeb87-2bf3-4709-ba09-4e9527d15322,payment,Supermarket and Grocery Stores,2023,Feb,25,MasterCard
26,9c4ec5db-949b-48f8-856f-a146ca75f568,posted,38.36,debit,284eeb87-2bf3-4709-ba09-4e9527d15322,payment,"Cafes, Restaurants and Takeaway Food Services",2023,Feb,21,MasterCard
27,bbd47bbc-65fc-4586-853a-c48842c818a0,posted,19.69,debit,284eeb87-2bf3-4709-ba09-4e9527d15322,payment,"Cafes, Restaurants and Takeaway Food Services",2023,Feb,18,MasterCard
28,1b3c3734-1738-446e-b26a-9df768bed9ec,posted,153.05,debit,284eeb87-2bf3-4709-ba09-4e9527d15322,payment,Supermarket and Grocery Stores,2023,Feb,18,MasterCard
29,322e77aa-b96a-44a0-a96a-da19203e262d,posted,140.75,debit,284eeb87-2bf3-4709-ba09-4e9527d15322,payment,Fuel Retailing,2023,Feb,16,MasterCard
30,62df5878-d842-44c3-a5bc-0e5023effb24,posted,18.15,debit,284eeb87-2bf3-4709-ba09-4e9527d15322,payment,"Cafes, Restaurants and Takeaway Food Services",2023,Feb,16,MasterCard
31,84dfc6d9-9029-4938-ba69-931552a6f881,posted,18.16,debit,284eeb87-2bf3-4709-ba09-4e9527d15322,payment,"Cafes, Restaurants and Takeaway Food Services",2023,Feb,16,MasterCard
32,b5f535dc-9ab4-4b3a-8e94-aa22981df292,posted,16.16,debit,284eeb87-2bf3-4709-ba09-4e9527d15322,payment,"Cafes, Restaurants and Takeaway Food Services",2023,Feb,14,MasterCard
34,f5e52210-3cea-4e2c-b20f-1b011f65f4bd,posted,4.76,debit,284eeb87-2bf3-4709-ba09-4e9527d15322,payment,Auxiliary Finance and Investment Services,2023,Feb,13,MasterCard
35,2fc6abda-0d60-49ba-81dc-13c879495450,posted,36.1,debit,284eeb87-2bf3-4709-ba09-4e9527d15322,payment,Specialised Food Retailing,2023,Feb,13,MasterCard
36,af788c43-4c8f-40c1-923b-27299a61cefd,posted,28.03,debit,284eeb87-2bf3-4709-ba09-4e9527d15322,payment,Unknown,2023,Feb,13,MasterCard
37,e243b6b0-1c04-4371-8040-09bf7464322c,posted,13.67,debit,284eeb87-2bf3-4709-ba09-4e9527d15322,payment,"Cafes, Restaurants and Takeaway Food Services",2023,Feb,12,MasterCard
38,80281fe4-fca2-44dc-ba1f-cc3c19ff5760,posted,31.48,debit,284eeb87-2bf3-4709-ba09-4e9527d15322,payment,Specialised Food Retailing,2023,Feb,11,MasterCard
39,89556107-f187-4c95-86e9-d6ca0e140b36,posted,97.05,debit,284eeb87-2bf3-4709-ba09-4e9527d15322,payment,Fuel Retailing,2023,Feb,10,MasterCard
40,3c079f43-edd1-4726-80ec-b4815fbfa42b,posted,19.3,debit,284eeb87-2bf3-4709-ba09-4e9527d15322,payment,"Cafes, Restaurants and Takeaway Food Services",2023,Feb,09,MasterCard
41,3c846ca4-753d-431a-a334-c540275ad2bf,posted,43.47,debit,284eeb87-2bf3-4709-ba09-4e9527d15322,payment,Supermarket and Grocery Stores,2023,Feb,05,MasterCard
42,c8516963-84f9-4775-b224-55982026a0cb,posted,11.98,debit,284eeb87-2bf3-4709-ba09-4e9527d15322,payment,Supermarket and Grocery Stores,2023,Feb,01,MasterCard
43,f1441d2b-1c83-4c9f-a9d5-cdd6297f4d95,posted,12.89,debit,284eeb87-2bf3-4709-ba09-4e9527d15322,payment,Supermarket and Grocery Stores,2023,Feb,01,MasterCard
44,5cd32bd0-f5ec-4833-bfdb-80ce38a5114c,posted,3.42,debit,284eeb87-2bf3-4709-ba09-4e9527d15322,payment,Specialised Food Retailing,2023,Feb,01,MasterCard
45,16e6ec58-4b43-4a5a-ad6d-4f29cf44fa5c,posted,238.55,debit,284eeb87-2bf3-4709-ba09-4e9527d15322,payment,Supermarket and Grocery Stores,2023,Jan,30,MasterCard
46,00f11391-5be2-49d2-a845-59d6455729ec,posted,231.82,debit,284eeb87-2bf3-4709-ba09-4e9527d15322,payment,Supermarket and Grocery Stores,2023,Jan,29,MasterCard
47,bc5066f3-fbb8-48b9-b848-10e11fcc2396,posted,224.86,debit,284eeb87-2bf3-4709-ba09-4e9527d15322,payment,Supermarket and Grocery Stores,2023,Jan,28,MasterCard
48,184afd2d-0295-46dd-89c8-58f60a580848,posted,208.23,debit,284eeb87-2bf3-4709-ba09-4e9527d15322,payment,Supermarket and Grocery Stores,2023,Jan,26,MasterCard
50,68345142-4f50-43f4-946a-8887a3e97ef2,posted,25.9,debit,284eeb87-2bf3-4709-ba09-4e9527d15322,payment,"Cafes, Restaurants and Takeaway Food Services",2023,Jan,24,MasterCard
52,ccd17c1b-c5db-4b59-a7e2-1b17ae102a3a,posted,163.07,debit,284eeb87-2bf3-4709-ba09-4e9527d15322,payment,Supermarket and Grocery Stores,2023,Jan,20,MasterCard
53,1ed23bfb-348b-48da-b604-2434d205f036,posted,33.56,debit,284eeb87-2bf3-4709-ba09-4e9527d15322,payment,Unknown,2023,Jan,13,MasterCard
54,8d87051b-eadd-4aa1-bbaa-3b1dfe86bac2,posted,5.76,debit,284eeb87-2bf3-4709-ba09-4e9527d15322,payment,Auxiliary Finance and Investment Services,2023,Jan,13,MasterCard
55,f9640d1e-18f2-4d23-aa5f-456d4ffef39b,posted,108.92,debit,284eeb87-2bf3-4709-ba09-4e9527d15322,payment,Supermarket and Grocery Stores,2023,Jan,13,MasterCard
56,b62f9355-a196-43c3-bad3-4900de010efe,posted,31.74,debit,284eeb87-2bf3-4709-ba09-4e9527d15322,payment,Specialised Food Retailing,2023,Jan,11,MasterCard
57,1cde7e3b-bbc0-4f5a-9515-e336eb6ac485,posted,28.32,debit,284eeb87-2bf3-4709-ba09-4e9527d15322,payment,Specialised Food Retailing,2023,Jan,10,MasterCard
58,6811c034-37c9-4f74-97de-2aa4e97051dd,posted,19.43,debit,284eeb87-2bf3-4709-ba09-4e9527d15322,payment,"Cafes, Restaurants and Takeaway Food Services",2023,Jan,09,MasterCard
59,e55efaf5-9309-4678-83c1-06391efdf4af,posted,11.49,debit,284eeb87-2bf3-4709-ba09-4e9527d15322,payment,"Cafes, Restaurants and Takeaway Food Services",2023,Jan,09,MasterCard
60,d29a4c5e-0b6b-4a9a-8309-68e17d1ab0e6,posted,25.24,debit,284eeb87-2bf3-4709-ba09-4e9527d15322,payment,Specialised Food Retailing,2023,Jan,09,MasterCard
61,0b590b79-0b0a-4ac1-ae2c-87395a219edb,posted,9.58,debit,284eeb87-2bf3-4709-ba09-4e9527d15322,payment,"Cafes, Restaurants and Takeaway Food Services",2023,Jan,07,MasterCard
62,b7987ec6-6326-4355-9ad2-453125e359da,posted,66.56,debit,284eeb87-2bf3-4709-ba09-4e9527d15322,payment,Fuel Retailing,2023,Jan,06,MasterCard
63,cfdbb5b8-4ec0-4ec5-ba5e-548049f1b2d0,posted,6.59,debit,284eeb87-2bf3-4709-ba09-4e9527d15322,payment,"Cafes, Restaurants and Takeaway Food Services",2023,Jan,04,MasterCard
64,1981d8ed-b60c-4886-9360-5382221a3ea2,posted,12.96,debit,284eeb87-2bf3-4709-ba09-4e9527d15322,payment,Supermarket and Grocery Stores,2023,Jan,01,MasterCard
66,997fdc38-d4ff-4613-b95e-b688f021c184,posted,25.25,debit,284eeb87-2bf3-4709-ba09-4e9527d15322,payment,"Cafes, Restaurants and Takeaway Food Services",2022,Dec,24,MasterCard
67,98380eb2-177b-4a60-b9f7-c8442a9e8c22,posted,25.72,debit,284eeb87-2bf3-4709-ba09-4e9527d15322,payment,"Cafes, Restaurants and Takeaway Food Services",2022,Dec,24,MasterCard
68,b2cf6157-91b0-4ded-b37a-6db8b43c2fdd,posted,39.63,debit,284eeb87-2bf3-4709-ba09-4e9527d15322,payment,"Cafes, Restaurants and Takeaway Food Services",2022,Dec,22,MasterCard
69,5b37b825-27e6-443e-a53d-ba86bdd3c357,posted,178.68,debit,284eeb87-2bf3-4709-ba09-4e9527d15322,payment,Supermarket and Grocery Stores,2022,Dec,22,MasterCard
70,a903ccd6-81af-42f9-9dc3-56dbbe97fe30,posted,168.91,debit,284eeb87-2bf3-4709-ba09-4e9527d15322,payment,Supermarket and Grocery Stores,2022,Dec,21,MasterCard
71,114964aa-bbe0-44df-b34c-1fb140e1ea95,posted,21.77,debit,284eeb87-2bf3-4709-ba09-4e9527d15322,payment,"Cafes, Restaurants and Takeaway Food Services",2022,Dec,20,MasterCard
72,7a6a4f45-fcc7-41d4-905f-46ce14ba252e,posted,21.55,debit,284eeb87-2bf3-4709-ba09-4e9527d15322,payment,"Cafes, Restaurants and Takeaway Food Services",2022,Dec,20,MasterCard
74,bee2d83c-6676-4e19-87f4-634ca2a4d672,posted,146.18,debit,284eeb87-2bf3-4709-ba09-4e9527d15322,payment,Supermarket and Grocery Stores,2022,Dec,18,MasterCard
75,24579d7b-6e58-4ea7-9910-19dc505bdce1,posted,30.12,debit,284eeb87-2bf3-4709-ba09-4e9527d15322,payment,"Cafes, Restaurants and Takeaway Food Services",2022,Dec,16,MasterCard
76,78368160-5320-48c6-a654-d69b52656011,posted,41.81,debit,284eeb87-2bf3-4709-ba09-4e9527d15322,payment,Specialised Food Retailing,2022,Dec,15,MasterCard
77,3962b955-3ebb-4f43-952f-acd14ace7a65,posted,123.62,debit,284eeb87-2bf3-4709-ba09-4e9527d15322,payment,Supermarket and Grocery Stores,2022,Dec,15,MasterCard
78,4e66cb33-7bac-4eb4-bac4-53af10e344bd,posted,41.81,debit,284eeb87-2bf3-4709-ba09-4e9527d15322,payment,Specialised Food Retailing,2022,Dec,15,MasterCard
79,e15a1c0f-dd51-49e8-ba6a-38c434e8e0dd,posted,15.54,debit,284eeb87-2bf3-4709-ba09-4e9527d15322,payment,"Cafes, Restaurants and Takeaway Food Services",2022,Dec,14,MasterCard
80,6390f964-5de5-4682-a509-b15e79e64778,posted,116.43,debit,284eeb87-2bf3-4709-ba09-4e9527d15322,payment,Supermarket and Grocery Stores,2022,Dec,14,MasterCard
81,f3a3c68c-4b5e-4b1f-864e-46feb1de9e22,posted,28.6,debit,284eeb87-2bf3-4709-ba09-4e9527d15322,payment,Unknown,2022,Dec,13,MasterCard
82,2b8dc52c-8caa-4b81-ae23-fe7e374ff204,posted,118.13,debit,284eeb87-2bf3-4709-ba09-4e9527d15322,payment,Fuel Retailing,2022,Dec,13,MasterCard
83,e8611f67-d32d-49b5-968f-50c6580c7934,posted,2.66,debit,284eeb87-2bf3-4709-ba09-4e9527d15322,payment,Auxiliary Finance and Investment Services,2022,Dec,12,MasterCard
84,1aa91a9a-b7b5-41a8-afbe-859f0bb35d86,posted,13.84,debit,284eeb87-2bf3-4709-ba09-4e9527d15322,payment,"Cafes, Restaurants and Takeaway Food Services",2022,Dec,12,MasterCard
85,cca386db-e05f-475e-b827-824a548a47f2,posted,23.68,debit,284eeb87-2bf3-4709-ba09-4e9527d15322,payment,"Cafes, Restaurants and Takeaway Food Services",2022,Dec,12,MasterCard
86,f4e54c54-369f-4b3d-9cf8-8f30434de8ee,posted,91.42,debit,284eeb87-2bf3-4709-ba09-4e9527d15322,payment,Supermarket and Grocery Stores,2022,Dec,11,MasterCard
87,948efea0-241a-4d93-896a-b923daaa91fd,posted,91.18,debit,284eeb87-2bf3-4709-ba09-4e9527d15322,payment,Fuel Retailing,2022,Dec,09,MasterCard
89,12a73d7a-e231-4c4f-8b39-32a1faffa95e,posted,20.73,debit,284eeb87-2bf3-4709-ba09-4e9527d15322,payment,Specialised Food Retailing,2022,Dec,07,MasterCard
90,4b362ad5-d855-459e-9905-7c2a6c9ddc52,posted,50.45,debit,284eeb87-2bf3-4709-ba09-4e9527d15322,payment,Supermarket and Grocery Stores,2022,Dec,06,MasterCard
91,91a063c4-541d-4af4-b404-f0fb52ab58f0,posted,51.36,debit,284eeb87-2bf3-4709-ba09-4e9527d15322,payment,Supermarket and Grocery Stores,2022,Dec,06,MasterCard
92,8788f519-5399-4bee-8685-b9dc306574b9,posted,17.97,debit,284eeb87-2bf3-4709-ba09-4e9527d15322,payment,Specialised Food Retailing,2022,Dec,06,MasterCard
93,ef824be4-7af5-4535-8b23-43a9fdf7bf71,posted,8.72,debit,284eeb87-2bf3-4709-ba09-4e9527d15322,payment,"Cafes, Restaurants and Takeaway Food Services",2022,Dec,06,MasterCard
94,fdd9698f-60d0-4884-8262-84fc407e4aea,posted,49.98,debit,284eeb87-2bf3-4709-ba09-4e9527d15322,payment,Supermarket and Grocery Stores,2022,Dec,06,MasterCard
95,fd4816c5-74e6-4a6d-bb95-92f030d07103,posted,4.81,debit,284eeb87-2bf3-4709-ba09-4e9527d15322,payment,Specialised Food Retailing,2022,Dec,02,MasterCard
96,2c33d2c7-9522-4247-ba40-47c6ca29ef4f,posted,35.4,debit,284eeb87-2bf3-4709-ba09-4e9527d15322,payment,Fuel Retailing,2022,Dec,01,MasterCard
98,2e3b105f-87fa-41ce-b7b0-78600bf94f47,posted,212.96,debit,284eeb87-2bf3-4709-ba09-4e9527d15322,payment,Supermarket and Grocery Stores,2022,Nov,27,MasterCard
99,63f28bc2-504e-4936-b1c1-9996cd846789,posted,209.18,debit,284eeb87-2bf3-4709-ba09-4e9527d15322,payment,Supermarket and Grocery Stores,2022,Nov,26,MasterCard
100,0c1b286b-08c6-4033-98a1-1c95f76c251c,posted,25.64,debit,284eeb87-2bf3-4709-ba09-4e9527d15322,payment,"Cafes, Restaurants and Takeaway Food Services",2022,Nov,24,MasterCard
101,81fa1535-b278-48ce-b15b-508f8fb1d6da,posted,184.06,debit,284eeb87-2bf3-4709-ba09-4e9527d15322,payment,Supermarket and Grocery Stores,2022,Nov,23,MasterCard
102,3e24216c-e06b-4b17-9cb4-d53f6edaa5dd,posted,42.3,debit,284eeb87-2bf3-4709-ba09-4e9527d15322,payment,"Cafes, Restaurants and Takeaway Food Services",2022,Nov,23,MasterCard
103,c2e3b800-0d6a-4dc7-b36a-6dd482e8f131,posted,157.82,debit,284eeb87-2bf3-4709-ba09-4e9527d15322,payment,Supermarket and Grocery Stores,2022,Nov,20,MasterCard
104,ed8c11ab-fc66-48aa-9852-646195e10f34,posted,47.71,debit,284eeb87-2bf3-4709-ba09-4e9527d15322,payment,Specialised Food Retailing,2022,Nov,17,MasterCard
105,e99dfb5a-a695-4b26-ab01-59d48d2e08fc,posted,18.21,debit,284eeb87-2bf3-4709-ba09-4e9527d15322,payment,"Cafes, Restaurants and Takeaway Food Services",2022,Nov,16,MasterCard
106,b72fd530-587a-4d02-9566-b8e68f33aa7f,posted,17.47,debit,284eeb87-2bf3-4709-ba09-4e9527d15322,payment,"Cafes, Restaurants and Takeaway Food Services",2022,Nov,16,MasterCard
107,7b55d3be-c57c-448b-9c50-37dd412822b7,posted,44.27,debit,284eeb87-2bf3-4709-ba09-4e9527d15322,payment,Specialised Food Retailing,2022,Nov,16,MasterCard
108,b6017168-a75c-416a-a2a7-bcf80f966493,posted,26.46,debit,284eeb87-2bf3-4709-ba09-4e9527d15322,payment,"Cafes, Restaurants and Takeaway Food Services",2022,Nov,14,MasterCard
110,9a069fbd-6b34-40b5-86d7-3c19dbcb482c,posted,107.27,debit,284eeb87-2bf3-4709-ba09-4e9527d15322,payment,Supermarket and Grocery Stores,2022,Nov,13,MasterCard
111,62fb5d6d-f4e9-44e5-aef3-7ce520149017,posted,119.38,debit,284eeb87-2bf3-4709-ba09-4e9527d15322,payment,Fuel Retailing,2022,Nov,13,MasterCard
112,94117b36-92ff-4b89-9520-52e44f39a76f,posted,5.7,debit,284eeb87-2bf3-4709-ba09-4e9527d15322,payment,Auxiliary Finance and Investment Services,2022,Nov,13,MasterCard
113,bacee963-955b-408b-8060-2911a07aeb27,posted,119.78,debit,284eeb87-2bf3-4709-ba09-4e9527d15322,payment,Fuel Retailing,2022,Nov,13,MasterCard
115,75fb5743-2e5b-4a6e-98e5-36d938f47538,posted,23.46,debit,284eeb87-2bf3-4709-ba09-4e9527d15322,payment,Unknown,2022,Nov,12,MasterCard
116,1c0b2e3a-bdd6-4501-845d-d0cfcf6a36c4,posted,13.69,debit,284eeb87-2bf3-4709-ba09-4e9527d15322,payment,"Cafes, Restaurants and Takeaway Food Services",2022,Nov,12,MasterCard
117,f8763721-079f-45fc-bbfe-48b43871176d,posted,23.93,debit,284eeb87-2bf3-4709-ba09-4e9527d15322,payment,"Cafes, Restaurants and Takeaway Food Services",2022,Nov,12,MasterCard
118,bbfa1ca5-481c-4da2-b85d-0628d6dd6e92,posted,102.64,debit,284eeb87-2bf3-4709-ba09-4e9527d15322,payment,Fuel Retailing,2022,Nov,11,MasterCard
119,08cd58e7-50c3-4ab4-8a61-8740ad7fdc17,posted,12.58,debit,284eeb87-2bf3-4709-ba09-4e9527d15322,payment,"Cafes, Restaurants and Takeaway Food Services",2022,Nov,10,MasterCard
120,e6cdb886-6fd3-4193-bee3-34d8cca0a1ba,posted,25.41,debit,284eeb87-2bf3-4709-ba09-4e9527d15322,payment,Specialised Food Retailing,2022,Nov,09,MasterCard
121,3b2a77cc-1fa9-44d2-817e-b96a27526a16,posted,75.68,debit,284eeb87-2bf3-4709-ba09-4e9527d15322,payment,Supermarket and Grocery Stores,2022,Nov,09,MasterCard
122,44352eb0-0a24-4590-8cb0-c4958b510e05,posted,26.22,debit,284eeb87-2bf3-4709-ba09-4e9527d15322,payment,Specialised Food Retailing,2022,Nov,09,MasterCard
123,c917d2f0-2640-4286-8028-3f9806574eeb,posted,51.82,debit,284eeb87-2bf3-4709-ba09-4e9527d15322,payment,Supermarket and Grocery Stores,2022,Nov,06,MasterCard
124,8cbfd532-a46d-48e8-8189-dadf2e691dcb,posted,12.83,debit,284eeb87-2bf3-4709-ba09-4e9527d15322,payment,"Cafes, Restaurants and Takeaway Food Services",2022,Nov,05,MasterCard
125,ea7fb3da-11ce-42f0-b774-1bbe9a390663,posted,40.6,debit,284eeb87-2bf3-4709-ba09-4e9527d15322,payment,Supermarket and Grocery Stores,2022,Nov,04,MasterCard
126,284f82c3-9d4c-4445-b6c0-afae71363d26,posted,12.42,debit,284eeb87-2bf3-4709-ba09-4e9527d15322,payment,Specialised Food Retailing,2022,Nov,04,MasterCard
127,70116754-f321-4527-9ea9-51aea54e3771,posted,5.14,debit,284eeb87-2bf3-4709-ba09-4e9527d15322,payment,"Cafes, Restaurants and Takeaway Food Services",2022,Nov,03,MasterCard
128,75d4b8e4-c06a-4475-87c9-97bae5886aa2,posted,5.92,debit,284eeb87-2bf3-4709-ba09-4e9527d15322,payment,"Cafes, Restaurants and Takeaway Food Services",2022,Nov,03,MasterCard
129,b4beb47e-b46a-489c-8d2b-19b5a912bef7,posted,22.03,debit,284eeb87-2bf3-4709-ba09-4e9527d15322,payment,Supermarket and Grocery Stores,2022,Nov,02,MasterCard
130,6c5cc10c-e13c-49af-b19f-98eca4bb9554,posted,241.0,debit,284eeb87-2bf3-4709-ba09-4e9527d15322,payment,Supermarket and Grocery Stores,2022,Oct,30,MasterCard
131,0e7f4b17-053e-4f78-aec3-a8e436807fbe,posted,234.56,debit,284eeb87-2bf3-4709-ba09-4e9527d15322,payment,Supermarket and Grocery Stores,2022,Oct,30,MasterCard
132,eada8744-d31b-48a4-9348-06195e9fad5c,posted,239.69,debit,284eeb87-2bf3-4709-ba09-4e9527d15322,payment,Supermarket and Grocery Stores,2022,Oct,30,MasterCard
133,1200af06-9984-48db-85a4-a53495f8a625,posted,229.21,debit,284eeb87-2bf3-4709-ba09-4e9527d15322,payment,Supermarket and Grocery Stores,2022,Oct,29,MasterCard
134,18b15061-f6a2-4eba-a11c-2c2fc80fd2ba,posted,48.79,debit,284eeb87-2bf3-4709-ba09-4e9527d15322,payment,"Cafes, Restaurants and Takeaway Food Services",2022,Oct,27,MasterCard
138,4a853be6-6519-48f1-8ca5-bbfa040eb01a,posted,35.97,debit,284eeb87-2bf3-4709-ba09-4e9527d15322,payment,"Cafes, Restaurants and Takeaway Food Services",2022,Oct,19,MasterCard
139,4f256507-fd3d-4657-b511-4f62356b168c,posted,18.67,debit,284eeb87-2bf3-4709-ba09-4e9527d15322,payment,"Cafes, Restaurants and Takeaway Food Services",2022,Oct,17,MasterCard
140,2c2352a3-456b-4ff3-8cd7-f7ade587beee,posted,19.3,debit,284eeb87-2bf3-4709-ba09-4e9527d15322,payment,"Cafes, Restaurants and Takeaway Food Services",2022,Oct,17,MasterCard
141,a76a141f-0a76-4ebd-a0c8-ce3f597da405,posted,134.91,debit,284eeb87-2bf3-4709-ba09-4e9527d15322,payment,Fuel Retailing,2022,Oct,16,MasterCard
142,b3cf355e-c1ab-404d-aa89-ea8e804fd52a,posted,135.73,debit,284eeb87-2bf3-4709-ba09-4e9527d15322,payment,Fuel Retailing,2022,Oct,16,MasterCard
143,8de88b2a-4c3e-4a4e-a305-f64003b257c1,posted,130.77,debit,284eeb87-2bf3-4709-ba09-4e9527d15322,payment,Supermarket and Grocery Stores,2022,Oct,16,MasterCard
144,0a39c4dd-3fe3-4bee-8009-d0afa2a3bd2d,posted,16.98,debit,284eeb87-2bf3-4709-ba09-4e9527d15322,payment,"Cafes, Restaurants and Takeaway Food Services",2022,Oct,15,MasterCard
145,2570a77b-22b9-4453-82a2-82a12d5e31c1,posted,40.21,debit,284eeb87-2bf3-4709-ba09-4e9527d15322,payment,Specialised Food Retailing,2022,Oct,15,MasterCard
146,267ff66a-60c1-473f-96f7-7131ac8219c1,posted,130.7,debit,284eeb87-2bf3-4709-ba09-4e9527d15322,payment,Fuel Retailing,2022,Oct,15,MasterCard
147,10de3fe7-d1a9-4212-9535-409372231653,posted,25.7,debit,284eeb87-2bf3-4709-ba09-4e9527d15322,payment,"Cafes, Restaurants and Takeaway Food Services",2022,Oct,13,MasterCard
148,09ceab61-d8d8-403e-9a16-926f646ea525,posted,32.53,debit,284eeb87-2bf3-4709-ba09-4e9527d15322,payment,Unknown,2022,Oct,13,MasterCard
149,f9887982-fdd8-46d0-997b-c5f333fc8545,posted,14.74,debit,284eeb87-2bf3-4709-ba09-4e9527d15322,payment,"Cafes, Restaurants and Takeaway Food Services",2022,Oct,13,MasterCard
150,28c5c6b8-3d88-4d0a-8aba-d7b190fb0a2d,posted,3.37,debit,284eeb87-2bf3-4709-ba09-4e9527d15322,payment,Auxiliary Finance and Investment Services,2022,Oct,12,MasterCard
151,38926c69-aa1a-4448-8059-eda055e562fb,posted,98.02,debit,284eeb87-2bf3-4709-ba09-4e9527d15322,payment,Supermarket and Grocery Stores,2022,Oct,12,MasterCard
152,faf73601-4264-4175-ab3f-d5a396a3f1fd,posted,31.94,debit,284eeb87-2bf3-4709-ba09-4e9527d15322,payment,Specialised Food Retailing,2022,Oct,11,MasterCard
153,55311da8-575b-4b74-9105-5ec85eafb79c,posted,27.41,debit,284eeb87-2bf3-4709-ba09-4e9527d15322,payment,Specialised Food Retailing,2022,Oct,10,MasterCard
154,cccb9628-dd91-410d-838f-8675fb282acd,posted,12.08,debit,284eeb87-2bf3-4709-ba09-4e9527d15322,payment,"Cafes, Restaurants and Takeaway Food Services",2022,Oct,10,MasterCard
155,76b3d2c3-fb83-4a7b-956d-82c2429dc2c9,posted,82.68,debit,284eeb87-2bf3-4709-ba09-4e9527d15322,payment,Supermarket and Grocery Stores,2022,Oct,10,MasterCard
156,7482e818-d5b7-4dd3-adc3-f1f5d50c1a8c,posted,92.16,debit,284eeb87-2bf3-4709-ba09-4e9527d15322,payment,Fuel Retailing,2022,Oct,09,MasterCard
157,0db6bb4a-a204-44dc-bcb6-a1733f713576,posted,19.2,debit,284eeb87-2bf3-4709-ba09-4e9527d15322,payment,"Cafes, Restaurants and Takeaway Food Services",2022,Oct,09,MasterCard
158,4982d0ce-482e-4db8-a502-1aaeff1d7a1a,posted,9.78,debit,284eeb87-2bf3-4709-ba09-4e9527d15322,payment,"Cafes, Restaurants and Takeaway Food Services",2022,Oct,08,MasterCard
159,25891aa0-3d28-49f2-a6f2-daf909e3af3a,posted,21.82,debit,284eeb87-2bf3-4709-ba09-4e9527d15322,payment,Specialised Food Retailing,2022,Oct,08,MasterCard
160,7a6935b7-d253-431b-83cc-dbeafa09176b,posted,11.92,debit,284eeb87-2bf3-4709-ba09-4e9527d15322,payment,Specialised Food Retailing,2022,Oct,04,MasterCard
161,a96b3041-d22e-4b4e-98e9-75ca7de91aa3,posted,6.13,debit,284eeb87-2bf3-4709-ba09-4e9527d15322,payment,"Cafes, Restaurants and Takeaway Food Services",2022,Oct,04,MasterCard
162,dd0e49bc-0592-4cb3-9fc9-5dbf452e6917,posted,24.84,debit,284eeb87-2bf3-4709-ba09-4e9527d15322,payment,Supermarket and Grocery Stores,2022,Oct,02,MasterCard
163,acafd5b0-2697-4ab7-867f-8a29b61c11b3,posted,13.65,debit,284eeb87-2bf3-4709-ba09-4e9527d15322,payment,Supermarket and Grocery Stores,2022,Oct,01,MasterCard
164,7372c536-7e32-4327-a46a-ffc842714077,posted,230.4,debit,284eeb87-2bf3-4709-ba09-4e9527d15322,payment,Supermarket and Grocery Stores,2022,Sep,29,MasterCard
165,6c97f806-0333-49fa-8868-65a437282d7b,posted,225.06,debit,284eeb87-2bf3-4709-ba09-4e9527d15322,payment,Supermarket and Grocery Stores,2022,Sep,28,MasterCard
166,d66d38e4-c032-416d-b0bc-0a92259ade6a,posted,181.94,debit,284eeb87-2bf3-4709-ba09-4e9527d15322,payment,Supermarket and Grocery Stores,2022,Sep,23,MasterCard
167,d846af4d-32c1-4223-8ab2-af2516fac431,posted,21.74,debit,284eeb87-2bf3-4709-ba09-4e9527d15322,payment,"Cafes, Restaurants and Takeaway Food Services",2022,Sep,20,MasterCard
168,469d8d25-f75c-4239-91e4-35ed86367b84,posted,21.05,debit,284eeb87-2bf3-4709-ba09-4e9527d15322,payment,"Cafes, Restaurants and Takeaway Food Services",2022,Sep,19,MasterCard
171,e5a1c130-b0ff-4563-b810-b692f786a75f,posted,29.86,debit,284eeb87-2bf3-4709-ba09-4e9527d15322,payment,Unknown,2022,Sep,13,MasterCard
172,9e3d264a-0d01-4be4-81ab-54d21d61310f,posted,3.48,debit,284eeb87-2bf3-4709-ba09-4e9527d15322,payment,Auxiliary Finance and Investment Services,2022,Sep,12,MasterCard
173,997b45a9-c2d0-4125-8a24-3be5d50e4b59,posted,12.17,debit,284eeb87-2bf3-4709-ba09-4e9527d15322,payment,"Cafes, Restaurants and Takeaway Food Services",2022,Sep,10,MasterCard
174,f27c61eb-cf7d-4d12-9674-cd0004cb96fe,posted,79.49,debit,284eeb87-2bf3-4709-ba09-4e9527d15322,payment,Supermarket and Grocery Stores,2022,Sep,10,MasterCard
175,e751acd4-67b6-4dff-b1d6-29881c019666,posted,47.55,debit,284eeb87-2bf3-4709-ba09-4e9527d15322,payment,Supermarket and Grocery Stores,2022,Sep,05,MasterCard
176,a78aefbc-b6dd-49b7-ad97-28a7b6470a68,posted,6.79,debit,284eeb87-2bf3-4709-ba09-4e9527d15322,payment,"Cafes, Restaurants and Takeaway Food Services",2022,Sep,04,MasterCard
177,36d1fc39-14b3-4c46-817a-2f26e52453fe,posted,16.79,debit,284eeb87-2bf3-4709-ba09-4e9527d15322,payment,Supermarket and Grocery Stores,2022,Sep,01,MasterCard
178,609a122b-720b-4be5-98d8-dc1f484cd2c3,posted,201.12,debit,284eeb87-2bf3-4709-ba09-4e9527d15322,payment,Supermarket and Grocery Stores,2022,Aug,25,MasterCard
179,65b0aad1-e3e1-40d0-a700-b9ca473d9a48,posted,45.84,debit,284eeb87-2bf3-4709-ba09-4e9527d15322,payment,"Cafes, Restaurants and Takeaway Food Services",2022,Aug,25,MasterCard
180,00ee4f9c-d2a1-45ad-ac3c-df4842d50dfd,posted,22.41,debit,284eeb87-2bf3-4709-ba09-4e9527d15322,payment,"Cafes, Restaurants and Takeaway Food Services",2022,Aug,21,MasterCard
181,b1138350-60ec-4fc8-8c41-a677328dfe03,posted,162.62,debit,284eeb87-2bf3-4709-ba09-4e9527d15322,payment,Supermarket and Grocery Stores,2022,Aug,20,MasterCard
182,6e9f07ea-16a2-4cda-a106-d0dc54f81a6e,posted,158.93,debit,284eeb87-2bf3-4709-ba09-4e9527d15322,payment,Supermarket and Grocery Stores,2022,Aug,20,MasterCard
183,d18e36df-2669-4cd5-9ece-34139b9cde65,posted,44.25,debit,284eeb87-2bf3-4709-ba09-4e9527d15322,payment,Specialised Food Retailing,2022,Aug,16,MasterCard
184,af0a1e76-1b95-4d0c-9067-da7799a155b8,posted,40.32,debit,284eeb87-2bf3-4709-ba09-4e9527d15322,payment,Specialised Food Retailing,2022,Aug,15,MasterCard
185,c264d56e-ee3d-4134-9cf1-26e99f2c9db4,posted,123.64,debit,284eeb87-2bf3-4709-ba09-4e9527d15322,payment,Supermarket and Grocery Stores,2022,Aug,15,MasterCard
186,8f162404-e9c0-421b-a824-708f3cbdf8ef,posted,16.36,debit,284eeb87-2bf3-4709-ba09-4e9527d15322,payment,"Cafes, Restaurants and Takeaway Food Services",2022,Aug,14,MasterCard
187,b7cdd530-5b45-4497-aa20-042e0e8c869e,posted,106.29,debit,284eeb87-2bf3-4709-ba09-4e9527d15322,payment,Supermarket and Grocery Stores,2022,Aug,13,MasterCard
189,79500fff-e915-483a-8fbd-e3aa7dcaf128,posted,3.19,debit,284eeb87-2bf3-4709-ba09-4e9527d15322,payment,Auxiliary Finance and Investment Services,2022,Aug,12,MasterCard
190,fba9a2d0-9207-4c2c-b59a-4ed3305f9c4f,posted,14.4,debit,284eeb87-2bf3-4709-ba09-4e9527d15322,payment,"Cafes, Restaurants and Takeaway Food Services",2022,Aug,12,MasterCard
192,47e5e27d-a01d-4e7b-8d91-e8b4f34fda98,posted,23.87,debit,284eeb87-2bf3-4709-ba09-4e9527d15322,payment,Unknown,2022,Aug,12,MasterCard
193,3a0fbf70-083e-4a9a-8a84-65016a5be371,posted,96.55,debit,284eeb87-2bf3-4709-ba09-4e9527d15322,payment,Supermarket and Grocery Stores,2022,Aug,12,MasterCard
194,c9661866-333e-4503-ae58-4980bd43a5af,posted,101.37,debit,284eeb87-2bf3-4709-ba09-4e9527d15322,payment,Fuel Retailing,2022,Aug,11,MasterCard
195,35ea8572-9a98-48fc-8785-95c180471e84,posted,11.31,debit,284eeb87-2bf3-4709-ba09-4e9527d15322,payment,"Cafes, Restaurants and Takeaway Food Services",2022,Aug,09,MasterCard
196,5a2a56d0-260b-469a-b1e9-6d2bbef82e5f,posted,20.65,debit,284eeb87-2bf3-4709-ba09-4e9527d15322,payment,Specialised Food Retailing,2022,Aug,07,MasterCard
197,3794a456-ee91-4487-bd4f-99fb0a6da71d,posted,8.56,debit,284eeb87-2bf3-4709-ba09-4e9527d15322,payment,"Cafes, Restaurants and Takeaway Food Services",2022,Aug,06,MasterCard
198,bcccc8db-8323-4188-a004-b15c6a64a899,posted,55.77,debit,284eeb87-2bf3-4709-ba09-4e9527d15322,payment,Fuel Retailing,2022,Aug,04,MasterCard
199,b3ca7bc0-c61b-49d6-96f8-ccc0df83e245,posted,10.21,debit,284eeb87-2bf3-4709-ba09-4e9527d15322,payment,Supermarket and Grocery Stores,2022,Aug,01,MasterCard
201,fa696775-e6d8-433c-ae91-258f1fee665c,posted,228.73,debit,284eeb87-2bf3-4709-ba09-4e9527d15322,payment,Supermarket and Grocery Stores,2022,July,29,MasterCard
202,46fb807d-eb3b-4547-94d3-f414838676c3,posted,45.04,debit,284eeb87-2bf3-4709-ba09-4e9527d15322,payment,"Cafes, Restaurants and Takeaway Food Services",2022,July,25,MasterCard
203,a3208642-e74b-46f6-bd1b-ea474a53d218,posted,194.76,debit,284eeb87-2bf3-4709-ba09-4e9527d15322,payment,Supermarket and Grocery Stores,2022,July,24,MasterCard
204,f25f8dfe-8f25-4c22-8074-771bd4e9764a,posted,25.24,debit,284eeb87-2bf3-4709-ba09-4e9527d15322,payment,"Cafes, Restaurants and Takeaway Food Services",2022,July,24,MasterCard
205,0756efa6-05fa-4c75-91a1-cfb416ee1183,posted,186.44,debit,284eeb87-2bf3-4709-ba09-4e9527d15322,payment,Supermarket and Grocery Stores,2022,July,23,MasterCard
206,f8bcf939-2bb4-4a86-a765-7238aa8a4744,posted,158.57,debit,284eeb87-2bf3-4709-ba09-4e9527d15322,payment,Supermarket and Grocery Stores,2022,July,20,MasterCard
207,9723cae0-729c-426f-a39a-6c6dad36547c,posted,144.27,debit,284eeb87-2bf3-4709-ba09-4e9527d15322,payment,Supermarket and Grocery Stores,2022,July,18,MasterCard
208,00fe1d22-edd4-4ce4-9835-643e200ddc19,posted,29.99,debit,284eeb87-2bf3-4709-ba09-4e9527d15322,payment,"Cafes, Restaurants and Takeaway Food Services",2022,July,16,MasterCard
209,bd0e942f-a0d1-4f10-8f0b-2fd4cdb254b8,posted,16.7,debit,284eeb87-2bf3-4709-ba09-4e9527d15322,payment,"Cafes, Restaurants and Takeaway Food Services",2022,July,15,MasterCard
210,e8e7df90-ad4f-4c02-b236-ceccde79b241,posted,27.9,debit,284eeb87-2bf3-4709-ba09-4e9527d15322,payment,"Cafes, Restaurants and Takeaway Food Services",2022,July,14,MasterCard
212,3e9eb73c-c63a-4332-860a-00b1740b71e7,posted,35.64,debit,284eeb87-2bf3-4709-ba09-4e9527d15322,payment,Specialised Food Retailing,2022,July,13,MasterCard
213,55cf2f93-60b1-465e-92d3-d8a2977b2073,posted,14.86,debit,284eeb87-2bf3-4709-ba09-4e9527d15322,payment,"Cafes, Restaurants and Takeaway Food Services",2022,July,13,MasterCard
214,3d585b65-e37b-4e8f-aaa5-e8e4982684fc,posted,27.41,debit,284eeb87-2bf3-4709-ba09-4e9527d15322,payment,Unknown,2022,July,12,MasterCard
215,c3772faf-020d-4b03-83bb-562a6d072528,posted,32.07,debit,284eeb87-2bf3-4709-ba09-4e9527d15322,payment,Specialised Food Retailing,2022,July,12,MasterCard
216,2fa85798-bc31-4c0c-9e21-fab9aa8ed2a3,posted,3.98,debit,284eeb87-2bf3-4709-ba09-4e9527d15322,payment,Auxiliary Finance and Investment Services,2022,July,12,MasterCard
217,6117a0e0-40b0-4777-881e-c249fd728dbc,posted,14.36,debit,284eeb87-2bf3-4709-ba09-4e9527d15322,payment,"Cafes, Restaurants and Takeaway Food Services",2022,July,12,MasterCard
218,105a8b7d-44d6-473c-88d4-5c3607d25eaf,posted,32.23,debit,284eeb87-2bf3-4709-ba09-4e9527d15322,payment,Specialised Food Retailing,2022,July,12,MasterCard
219,b0a1a4be-3515-40ad-820b-65edff584f4d,posted,29.18,debit,284eeb87-2bf3-4709-ba09-4e9527d15322,payment,Specialised Food Retailing,2022,July,10,MasterCard
220,d934e2c0-2ecc-4717-98ed-3267ee953daf,posted,10.87,debit,284eeb87-2bf3-4709-ba09-4e9527d15322,payment,"Cafes, Restaurants and Takeaway Food Services",2022,July,09,MasterCard
221,b607ff3f-529a-4c13-92c0-7675284d488f,posted,78.51,debit,284eeb87-2bf3-4709-ba09-4e9527d15322,payment,Fuel Retailing,2022,July,07,MasterCard
222,ee1f9f1e-af1c-4075-919b-6049f3571252,posted,56.56,debit,284eeb87-2bf3-4709-ba09-4e9527d15322,payment,Supermarket and Grocery Stores,2022,July,07,MasterCard
223,87c1e7d6-558a-4b7e-b5f6-6ded32a59ee9,posted,9.58,debit,284eeb87-2bf3-4709-ba09-4e9527d15322,payment,"Cafes, Restaurants and Takeaway Food Services",2022,July,07,MasterCard
224,f00b70c8-ad01-408c-98bc-d6a0721960c4,posted,8.44,debit,284eeb87-2bf3-4709-ba09-4e9527d15322,payment,"Cafes, Restaurants and Takeaway Food Services",2022,July,06,MasterCard
226,70e2750b-51f2-4590-8dd4-a3b0fc76b76a,posted,11.67,debit,284eeb87-2bf3-4709-ba09-4e9527d15322,payment,"Cafes, Restaurants and Takeaway Food Services",2022,July,05,MasterCard
227,76158a8f-82b2-4d9b-a976-037a11967090,posted,39.16,debit,284eeb87-2bf3-4709-ba09-4e9527d15322,payment,Supermarket and Grocery Stores,2022,July,04,MasterCard
228,558e8d41-1f2e-4f9a-b034-7863525f2203,posted,57.05,debit,284eeb87-2bf3-4709-ba09-4e9527d15322,payment,Fuel Retailing,2022,July,04,MasterCard
229,468c0bcc-0015-4dc9-afb4-021d7d94a6e6,posted,53.01,debit,284eeb87-2bf3-4709-ba09-4e9527d15322,payment,Fuel Retailing,2022,July,04,MasterCard
230,d92b6b9d-3ab9-4c21-9f57-ccae787cc415,posted,51.02,debit,284eeb87-2bf3-4709-ba09-4e9527d15322,payment,Fuel Retailing,2022,July,04,MasterCard
231,d6328f1d-0b1a-42b1-8ffc-93910f3ee032,posted,28.77,debit,284eeb87-2bf3-4709-ba09-4e9527d15322,payment,Supermarket and Grocery Stores,2022,July,03,MasterCard
232,f5dec4c1-dc05-4186-95c7-d5d99c2ca6d3,posted,12.28,debit,284eeb87-2bf3-4709-ba09-4e9527d15322,payment,Supermarket and Grocery Stores,2022,July,01,MasterCard
233,ff530895-f450-406f-93de-3c6ce21c6e9a,posted,2.2,debit,284eeb87-2bf3-4709-ba09-4e9527d15322,payment,Specialised Food Retailing,2022,July,01,MasterCard
235,a9ddf1e0-0a8c-4ef1-98d7-2a7372bb5dc8,posted,204.65,debit,284eeb87-2bf3-4709-ba09-4e9527d15322,payment,Supermarket and Grocery Stores,2022,June,26,MasterCard
236,c5d7ee71-f34c-42a7-bf42-004f43f6ab50,posted,46.17,debit,284eeb87-2bf3-4709-ba09-4e9527d15322,payment,"Cafes, Restaurants and Takeaway Food Services",2022,June,26,MasterCard
237,60fd1ef7-9ed9-4ea9-bd98-6445d1067bdf,posted,191.96,debit,284eeb87-2bf3-4709-ba09-4e9527d15322,payment,Supermarket and Grocery Stores,2022,June,24,MasterCard
238,e80e3483-64e0-4330-96c7-665463960e6a,posted,41.94,debit,284eeb87-2bf3-4709-ba09-4e9527d15322,payment,"Cafes, Restaurants and Takeaway Food Services",2022,June,23,MasterCard
239,faffb2bf-1b9b-4ab3-80bf-c2bcaed1d460,posted,179.81,debit,284eeb87-2bf3-4709-ba09-4e9527d15322,payment,Supermarket and Grocery Stores,2022,June,23,MasterCard
240,1626b260-6fce-4fc5-a8a4-193417acdbbc,posted,158.77,debit,284eeb87-2bf3-4709-ba09-4e9527d15322,payment,Supermarket and Grocery Stores,2022,June,20,MasterCard
241,1b506fd3-a1aa-4a69-862c-4460a8dbbcf0,posted,21.06,debit,284eeb87-2bf3-4709-ba09-4e9527d15322,payment,"Cafes, Restaurants and Takeaway Food Services",2022,June,19,MasterCard
243,2789987e-a2d2-4515-856e-678501d93c13,posted,115.34,debit,284eeb87-2bf3-4709-ba09-4e9527d15322,payment,Fuel Retailing,2022,June,13,MasterCard
244,aade6c31-af21-46d0-8eb9-4d8dd567d61e,posted,36.05,debit,284eeb87-2bf3-4709-ba09-4e9527d15322,payment,Specialised Food Retailing,2022,June,13,MasterCard
245,4cf94b73-e66e-4565-a990-101d066d9399,posted,4.45,debit,284eeb87-2bf3-4709-ba09-4e9527d15322,payment,Auxiliary Finance and Investment Services,2022,June,13,MasterCard
246,56c92176-09f6-49f5-8a2e-385cd97d2719,posted,24.54,debit,284eeb87-2bf3-4709-ba09-4e9527d15322,payment,Unknown,2022,June,12,MasterCard
247,a3bd9352-8cbc-429c-a81e-4130a4ca3313,posted,94.23,debit,284eeb87-2bf3-4709-ba09-4e9527d15322,payment,Supermarket and Grocery Stores,2022,June,11,MasterCard
248,ae9ed7b5-e8f6-4e5a-811d-ee7adccd92fe,posted,77.79,debit,284eeb87-2bf3-4709-ba09-4e9527d15322,payment,Supermarket and Grocery Stores,2022,June,09,MasterCard
249,958652bc-90c3-44b7-9dbb-138130ec79df,posted,61.88,debit,284eeb87-2bf3-4709-ba09-4e9527d15322,payment,Supermarket and Grocery Stores,2022,June,07,MasterCard
250,d7cd4b06-8750-4eb6-a1f7-fbcfd8091d8d,posted,8.2,debit,284eeb87-2bf3-4709-ba09-4e9527d15322,payment,"Cafes, Restaurants and Takeaway Food Services",2022,June,06,MasterCard
251,4669011c-9f35-4a77-b1dc-5e3212588a71,posted,8.15,debit,284eeb87-2bf3-4709-ba09-4e9527d15322,payment,"Cafes, Restaurants and Takeaway Food Services",2022,June,06,MasterCard
252,6b706f0d-541e-4018-8939-8239383b6ed8,posted,17.13,debit,284eeb87-2bf3-4709-ba09-4e9527d15322,payment,Specialised Food Retailing,2022,June,06,MasterCard
253,5ccc162e-2a7d-4b6a-976d-5253e8f8d84e,posted,6.75,debit,284eeb87-2bf3-4709-ba09-4e9527d15322,payment,"Cafes, Restaurants and Takeaway Food Services",2022,June,04,MasterCard
254,4deb6acd-d6a8-4f29-b360-e1c1a94c2793,posted,5.47,debit,284eeb87-2bf3-4709-ba09-4e9527d15322,payment,"Cafes, Restaurants and Takeaway Food Services",2022,June,03,MasterCard
255,bda9be32-72b2-4ac0-b404-481aab8354f5,posted,10.13,debit,284eeb87-2bf3-4709-ba09-4e9527d15322,payment,Specialised Food Retailing,2022,June,03,MasterCard
256,e65c37f7-6250-4f1c-b8db-fc3a11cd0334,posted,43.83,debit,284eeb87-2bf3-4709-ba09-4e9527d15322,payment,Fuel Retailing,2022,June,02,MasterCard
257,30bc714c-cddb-4b98-92f1-637e7e2ca8ad,posted,213.05,debit,284eeb87-2bf3-4709-ba09-4e9527d15322,payment,Supermarket and Grocery Stores,2022,May,27,MasterCard
259,59206948-24ba-4585-b898-1d9c864bc356,posted,183.13,debit,284eeb87-2bf3-4709-ba09-4e9527d15322,payment,Supermarket and Grocery Stores,2022,May,23,MasterCard
260,4bd940be-5241-4bd2-b350-17c589294186,posted,183.53,debit,284eeb87-2bf3-4709-ba09-4e9527d15322,payment,Supermarket and Grocery Stores,2022,May,23,MasterCard
261,eb44eae4-979f-46ff-9b8d-8bd86b62916d,posted,23.86,debit,284eeb87-2bf3-4709-ba09-4e9527d15322,payment,"Cafes, Restaurants and Takeaway Food Services",2022,May,22,MasterCard
262,fc6e444f-5960-4220-a6d8-ec5e8b49cd61,posted,23.59,debit,284eeb87-2bf3-4709-ba09-4e9527d15322,payment,"Cafes, Restaurants and Takeaway Food Services",2022,May,22,MasterCard
263,12f808da-fae5-4cb9-8226-2658d2b8c170,posted,157.46,debit,284eeb87-2bf3-4709-ba09-4e9527d15322,payment,Supermarket and Grocery Stores,2022,May,20,MasterCard
264,0bfa40ee-fbd4-4035-a121-c5b154d1d9b6,posted,34.81,debit,284eeb87-2bf3-4709-ba09-4e9527d15322,payment,"Cafes, Restaurants and Takeaway Food Services",2022,May,19,MasterCard
265,8f6b7639-480c-41a3-9c88-8de34f924670,posted,119.8,debit,284eeb87-2bf3-4709-ba09-4e9527d15322,payment,Supermarket and Grocery Stores,2022,May,15,MasterCard
266,69705dbb-930d-4d5f-9962-88238acb8458,posted,4.58,debit,284eeb87-2bf3-4709-ba09-4e9527d15322,payment,Auxiliary Finance and Investment Services,2022,May,13,MasterCard
267,bed12c3b-9785-4bf3-ab8a-f92933a5fff5,posted,113.09,debit,284eeb87-2bf3-4709-ba09-4e9527d15322,payment,Fuel Retailing,2022,May,12,MasterCard
268,9002c22c-8f8c-4ae6-ae98-94642ede1748,posted,26.41,debit,284eeb87-2bf3-4709-ba09-4e9527d15322,payment,Unknown,2022,May,12,MasterCard
270,6152f2b6-5283-4063-8c02-4b995a402adf,posted,85.84,debit,284eeb87-2bf3-4709-ba09-4e9527d15322,payment,Supermarket and Grocery Stores,2022,May,10,MasterCard
271,9dc435eb-039e-4672-b74c-761b1654be00,posted,12.29,debit,284eeb87-2bf3-4709-ba09-4e9527d15322,payment,"Cafes, Restaurants and Takeaway Food Services",2022,May,10,MasterCard
272,855ab5ee-8fae-4245-b3c2-1a34f74d5b5c,posted,74.17,debit,284eeb87-2bf3-4709-ba09-4e9527d15322,payment,Fuel Retailing,2022,May,07,MasterCard
273,a7152e3a-0773-4e0b-8a9a-805a3ad1b92e,posted,60.14,debit,284eeb87-2bf3-4709-ba09-4e9527d15322,payment,Supermarket and Grocery Stores,2022,May,07,MasterCard
274,38a33105-356f-43ff-98fd-cf4da75a3671,posted,9.63,debit,284eeb87-2bf3-4709-ba09-4e9527d15322,payment,"Cafes, Restaurants and Takeaway Food Services",2022,May,07,MasterCard
275,bd3748ed-7b34-4986-b853-658cd66520bd,posted,8.17,debit,284eeb87-2bf3-4709-ba09-4e9527d15322,payment,"Cafes, Restaurants and Takeaway Food Services",2022,May,06,MasterCard
276,f801d12d-185e-4bd2-bc89-0b06a108fa1a,posted,13.56,debit,284eeb87-2bf3-4709-ba09-4e9527d15322,payment,Specialised Food Retailing,2022,May,05,MasterCard
277,1cc3c3ce-ae7d-4648-a411-82af1b18a73d,posted,8.48,debit,284eeb87-2bf3-4709-ba09-4e9527d15322,payment,Specialised Food Retailing,2022,May,03,MasterCard
278,0e88c729-dfdb-4883-b1b7-4e195abf3014,posted,8.38,debit,284eeb87-2bf3-4709-ba09-4e9527d15322,payment,Specialised Food Retailing,2022,May,03,MasterCard
279,6b310e75-e78c-45a6-94aa-708492103fdc,posted,222.4,debit,284eeb87-2bf3-4709-ba09-4e9527d15322,payment,Supermarket and Grocery Stores,2022,Apr,28,MasterCard
280,4ed11ed6-994e-406a-9e1b-e1d6aeaa21cb,posted,197.74,debit,284eeb87-2bf3-4709-ba09-4e9527d15322,payment,Supermarket and Grocery Stores,2022,Apr,25,MasterCard
281,3f6bbf5e-cb36-4ea5-a0cf-b3c4c4829a52,posted,43.65,debit,284eeb87-2bf3-4709-ba09-4e9527d15322,payment,"Cafes, Restaurants and Takeaway Food Services",2022,Apr,24,MasterCard
282,81e85a86-86f9-4655-9fb2-1744f48b3cbc,posted,186.61,debit,284eeb87-2bf3-4709-ba09-4e9527d15322,payment,Supermarket and Grocery Stores,2022,Apr,23,MasterCard
283,7bcd3ffa-361e-4790-82df-d46e5b367914,posted,174.89,debit,284eeb87-2bf3-4709-ba09-4e9527d15322,payment,Supermarket and Grocery Stores,2022,Apr,22,MasterCard
284,343ec0c0-63db-4411-a896-70aa4bb48513,posted,168.53,debit,284eeb87-2bf3-4709-ba09-4e9527d15322,payment,Supermarket and Grocery Stores,2022,Apr,21,MasterCard
286,3772c9dc-a192-4156-a431-27e4d04525d7,posted,21.15,debit,284eeb87-2bf3-4709-ba09-4e9527d15322,payment,"Cafes, Restaurants and Takeaway Food Services",2022,Apr,19,MasterCard
287,d8f476c0-3a3d-40b7-bd14-c9b627d67f0e,posted,33.5,debit,284eeb87-2bf3-4709-ba09-4e9527d15322,payment,"Cafes, Restaurants and Takeaway Food Services",2022,Apr,18,MasterCard
288,3bcf11fb-eced-47f1-aced-85a99841a394,posted,48.77,debit,284eeb87-2bf3-4709-ba09-4e9527d15322,payment,Specialised Food Retailing,2022,Apr,18,MasterCard
289,f88cb6ab-1bbb-4b1e-b053-8f0fe923d8e7,posted,19.89,debit,284eeb87-2bf3-4709-ba09-4e9527d15322,payment,"Cafes, Restaurants and Takeaway Food Services",2022,Apr,18,MasterCard
290,b6a65491-cd14-474c-9dc1-85cd07f9b95b,posted,18.66,debit,284eeb87-2bf3-4709-ba09-4e9527d15322,payment,"Cafes, Restaurants and Takeaway Food Services",2022,Apr,17,MasterCard
291,b65f8a07-d8d8-4632-bc2a-3a3f714863f1,posted,41.03,debit,284eeb87-2bf3-4709-ba09-4e9527d15322,payment,Specialised Food Retailing,2022,Apr,15,MasterCard
293,0b8226a4-0865-40be-9985-5d46ab9a742c,posted,120.59,debit,284eeb87-2bf3-4709-ba09-4e9527d15322,payment,Fuel Retailing,2022,Apr,14,MasterCard
294,9f0cab68-eda1-449b-ad58-8b00d46384cb,posted,38.8,debit,284eeb87-2bf3-4709-ba09-4e9527d15322,payment,Specialised Food Retailing,2022,Apr,14,MasterCard
295,0987cb79-d646-4155-9e0c-15d17b42ebc4,posted,5.57,debit,284eeb87-2bf3-4709-ba09-4e9527d15322,payment,Auxiliary Finance and Investment Services,2022,Apr,13,MasterCard
296,dae352c8-4c6a-4ca9-b0d9-005160ca5baf,posted,107.76,debit,284eeb87-2bf3-4709-ba09-4e9527d15322,payment,Supermarket and Grocery Stores,2022,Apr,13,MasterCard
297,b2ce07a5-1878-41e5-9181-a253d822d500,posted,34.16,debit,284eeb87-2bf3-4709-ba09-4e9527d15322,payment,Unknown,2022,Apr,13,MasterCard
298,27ce6145-9ac6-4fdb-887f-4b88f0faf5ea,posted,113.98,debit,284eeb87-2bf3-4709-ba09-4e9527d15322,payment,Fuel Retailing,2022,Apr,13,MasterCard
299,6ed53ce9-6790-4c43-a65c-3c18615abeb9,posted,14.45,debit,284eeb87-2bf3-4709-ba09-4e9527d15322,payment,"Cafes, Restaurants and Takeaway Food Services",2022,Apr,12,MasterCard
300,27c9727e-4522-40b2-9fea-172237a8718f,posted,13.67,debit,284eeb87-2bf3-4709-ba09-4e9527d15322,payment,"Cafes, Restaurants and Takeaway Food Services",2022,Apr,12,MasterCard
301,ec868c00-121b-4884-8be3-a9a2dc94bf92,posted,22.7,debit,284eeb87-2bf3-4709-ba09-4e9527d15322,payment,"Cafes, Restaurants and Takeaway Food Services",2022,Apr,11,MasterCard
302,a69cff56-0d19-4230-8c12-a92dcc9a80d1,posted,28.91,debit,284eeb87-2bf3-4709-ba09-4e9527d15322,payment,Specialised Food Retailing,2022,Apr,10,MasterCard
303,21566074-54a3-4ee5-bd9e-a8aa0b01fe31,posted,79.61,debit,284eeb87-2bf3-4709-ba09-4e9527d15322,payment,Supermarket and Grocery Stores,2022,Apr,10,MasterCard
304,3e38aef8-2c58-4882-be88-cc44534201ee,posted,79.84,debit,284eeb87-2bf3-4709-ba09-4e9527d15322,payment,Fuel Retailing,2022,Apr,08,MasterCard
305,faae4d73-102c-4efd-9eff-b6168360a13c,posted,9.23,debit,284eeb87-2bf3-4709-ba09-4e9527d15322,payment,"Cafes, Restaurants and Takeaway Food Services",2022,Apr,07,MasterCard
306,697f201a-c94e-4dcb-b865-106fefb75a1f,posted,52.84,debit,284eeb87-2bf3-4709-ba09-4e9527d15322,payment,Supermarket and Grocery Stores,2022,Apr,06,MasterCard
307,49ce64b2-0c4f-4fa1-afbb-29c5e2bbca6a,posted,8.03,debit,284eeb87-2bf3-4709-ba09-4e9527d15322,payment,"Cafes, Restaurants and Takeaway Food Services",2022,Apr,06,MasterCard
309,d8654641-dee2-46b2-8675-2050481e6bb1,posted,13.37,debit,284eeb87-2bf3-4709-ba09-4e9527d15322,payment,Specialised Food Retailing,2022,Apr,05,MasterCard
310,817e5c1c-5094-4f2c-a2bc-d611b588a856,posted,51.2,debit,284eeb87-2bf3-4709-ba09-4e9527d15322,payment,Fuel Retailing,2022,Apr,04,MasterCard
311,7b0a3009-7861-474a-b65f-f480d507ee05,posted,39.91,debit,284eeb87-2bf3-4709-ba09-4e9527d15322,payment,Supermarket and Grocery Stores,2022,Apr,04,MasterCard
312,aa12a8f3-9a26-4add-a007-b2200260bbea,posted,10.9,debit,284eeb87-2bf3-4709-ba09-4e9527d15322,payment,"Cafes, Restaurants and Takeaway Food Services",2022,Apr,04,MasterCard
313,5b72ef69-3a11-437e-bcc9-a10d0fe6e0f2,posted,225.63,debit,284eeb87-2bf3-4709-ba09-4e9527d15322,payment,Supermarket and Grocery Stores,2022,Mar,29,MasterCard
314,4e7afca0-713f-46b0-b0ec-a4942a757a5a,posted,25.38,debit,284eeb87-2bf3-4709-ba09-4e9527d15322,payment,"Cafes, Restaurants and Takeaway Food Services",2022,Mar,24,MasterCard
316,15a5373c-b3fe-4c5c-8c0e-b24954b61ca8,posted,40.74,debit,284eeb87-2bf3-4709-ba09-4e9527d15322,payment,"Cafes, Restaurants and Takeaway Food Services",2022,Mar,22,MasterCard
317,7080a0cf-a1c3-401c-89aa-c040cfc255ce,posted,21.66,debit,284eeb87-2bf3-4709-ba09-4e9527d15322,payment,"Cafes, Restaurants and Takeaway Food Services",2022,Mar,20,MasterCard
318,cc00d881-b236-403e-8264-e280b1f911bb,posted,33.68,debit,284eeb87-2bf3-4709-ba09-4e9527d15322,payment,"Cafes, Restaurants and Takeaway Food Services",2022,Mar,18,MasterCard
320,333dd9b8-f684-438d-a6a8-4f717fcc5366,posted,134.38,debit,284eeb87-2bf3-4709-ba09-4e9527d15322,payment,Supermarket and Grocery Stores,2022,Mar,17,MasterCard
321,8e37cb1f-adef-4edb-94a3-f93746fa39ca,posted,131.47,debit,284eeb87-2bf3-4709-ba09-4e9527d15322,payment,Supermarket and Grocery Stores,2022,Mar,16,MasterCard
323,9fc3542e-ef69-4ced-87bc-9a0e73e741f2,posted,40.56,debit,284eeb87-2bf3-4709-ba09-4e9527d15322,payment,Specialised Food Retailing,2022,Mar,15,MasterCard
324,86e7f94d-4478-4091-8fa7-7944cfddda85,posted,118.76,debit,284eeb87-2bf3-4709-ba09-4e9527d15322,payment,Supermarket and Grocery Stores,2022,Mar,15,MasterCard
325,2c1c5186-b527-4a78-9144-67087d436289,posted,119.9,debit,284eeb87-2bf3-4709-ba09-4e9527d15322,payment,Supermarket and Grocery Stores,2022,Mar,15,MasterCard
326,098788bf-e8c2-4705-a4f4-865ee9574c74,posted,16.67,debit,284eeb87-2bf3-4709-ba09-4e9527d15322,payment,"Cafes, Restaurants and Takeaway Food Services",2022,Mar,15,MasterCard
327,a1f9eb4f-3241-4f3d-b29b-d4a9645eb6d5,posted,38.8,debit,284eeb87-2bf3-4709-ba09-4e9527d15322,payment,Specialised Food Retailing,2022,Mar,14,MasterCard
328,df2ec098-cde3-44b6-bcd3-c79a4542a6f6,posted,34.71,debit,284eeb87-2bf3-4709-ba09-4e9527d15322,payment,Specialised Food Retailing,2022,Mar,13,MasterCard
329,c2117252-3ea4-4354-9ed7-b3d6683bd175,posted,5.68,debit,284eeb87-2bf3-4709-ba09-4e9527d15322,payment,Auxiliary Finance and Investment Services,2022,Mar,13,MasterCard
330,cbc18b0e-8866-4d30-9a2a-1a0ab5313859,posted,31.13,debit,284eeb87-2bf3-4709-ba09-4e9527d15322,payment,Unknown,2022,Mar,13,MasterCard
331,dbd3253b-a3b2-4c15-8d2c-c4d0fda997eb,posted,108.72,debit,284eeb87-2bf3-4709-ba09-4e9527d15322,payment,Fuel Retailing,2022,Mar,12,MasterCard
332,7a86498b-232c-4dfa-badf-51fec37f83ab,posted,26.27,debit,284eeb87-2bf3-4709-ba09-4e9527d15322,payment,Specialised Food Retailing,2022,Mar,09,MasterCard
333,4639c5f4-aa05-472f-94d2-8102d3903a18,posted,51.33,debit,284eeb87-2bf3-4709-ba09-4e9527d15322,payment,Supermarket and Grocery Stores,2022,Mar,06,MasterCard
334,21f8dc57-17d5-4313-8d5a-6545e8d44c99,posted,7.79,debit,284eeb87-2bf3-4709-ba09-4e9527d15322,payment,"Cafes, Restaurants and Takeaway Food Services",2022,Mar,05,MasterCard
335,ac7e0137-698c-4f52-badd-a37e2e7b15e5,posted,7.78,debit,284eeb87-2bf3-4709-ba09-4e9527d15322,payment,"Cafes, Restaurants and Takeaway Food Services",2022,Mar,05,MasterCard
336,8feaad15-c7ec-4698-b4f8-075af014383e,posted,42.16,debit,284eeb87-2bf3-4709-ba09-4e9527d15322,payment,Fuel Retailing,2022,Mar,02,MasterCard
337,0954dee1-80e9-46b1-b65a-b2cbdc383b44,posted,22.96,debit,284eeb87-2bf3-4709-ba09-4e9527d15322,payment,Supermarket and Grocery Stores,2022,Mar,02,MasterCard
338,b83c6b4e-b102-4ece-87d7-78346455dd81,posted,233.33,debit,284eeb87-2bf3-4709-ba09-4e9527d15322,payment,Supermarket and Grocery Stores,2022,Feb,28,MasterCard
339,524f87c4-7733-4c3b-9c77-aa4c81901d63,posted,223.23,debit,284eeb87-2bf3-4709-ba09-4e9527d15322,payment,Supermarket and Grocery Stores,2022,Feb,27,MasterCard
340,3fa68100-a1a2-40bd-a8fa-dc444ef54e3e,posted,171.92,debit,284eeb87-2bf3-4709-ba09-4e9527d15322,payment,Supermarket and Grocery Stores,2022,Feb,21,MasterCard
341,05f5ca54-bfad-4144-a564-e3f5791bceef,posted,21.66,debit,284eeb87-2bf3-4709-ba09-4e9527d15322,payment,"Cafes, Restaurants and Takeaway Food Services",2022,Feb,20,MasterCard
343,34a1fc5f-0483-4db5-bb5f-922090961525,posted,18.97,debit,284eeb87-2bf3-4709-ba09-4e9527d15322,payment,"Cafes, Restaurants and Takeaway Food Services",2022,Feb,17,MasterCard
344,384ce182-80f1-4882-9a26-2e350d87a3ab,posted,16.9,debit,284eeb87-2bf3-4709-ba09-4e9527d15322,payment,"Cafes, Restaurants and Takeaway Food Services",2022,Feb,15,MasterCard
345,b9c0865f-9a0e-4b17-872d-eef342c3a946,posted,124.74,debit,284eeb87-2bf3-4709-ba09-4e9527d15322,payment,Supermarket and Grocery Stores,2022,Feb,15,MasterCard
346,58a902c3-6d62-4b7d-94b4-8b6f74634ccd,posted,126.46,debit,284eeb87-2bf3-4709-ba09-4e9527d15322,payment,Supermarket and Grocery Stores,2022,Feb,15,MasterCard
347,45062817-2056-493a-8ff6-fcd24fe9786f,posted,39.59,debit,284eeb87-2bf3-4709-ba09-4e9527d15322,payment,Specialised Food Retailing,2022,Feb,14,MasterCard
348,22f17b79-2e6c-4249-8ca9-b56b697b0e21,posted,112.16,debit,284eeb87-2bf3-4709-ba09-4e9527d15322,payment,Supermarket and Grocery Stores,2022,Feb,13,MasterCard
349,c1d597ee-532c-420c-80df-3956c1805fc1,posted,2.51,debit,284eeb87-2bf3-4709-ba09-4e9527d15322,payment,Auxiliary Finance and Investment Services,2022,Feb,12,MasterCard
350,1f3f2b43-7a7f-4be3-9d88-d039cfdd1cf0,posted,26.11,debit,284eeb87-2bf3-4709-ba09-4e9527d15322,payment,Unknown,2022,Feb,12,MasterCard
352,fc91263f-135c-4080-aec5-d0a424310bea,posted,6.99,debit,284eeb87-2bf3-4709-ba09-4e9527d15322,payment,"Cafes, Restaurants and Takeaway Food Services",2022,Feb,05,MasterCard
353,ffe24078-469d-4087-8c96-82dc9db9b7f8,posted,214.63,debit,284eeb87-2bf3-4709-ba09-4e9527d15322,payment,Supermarket and Grocery Stores,2022,Jan,27,MasterCard
354,d1cc4f1b-9b96-4c4e-b6f9-850cfdabacad,posted,25.89,debit,284eeb87-2bf3-4709-ba09-4e9527d15322,payment,"Cafes, Restaurants and Takeaway Food Services",2022,Jan,24,MasterCard
355,f1b18dcd-d59d-49af-ad8e-aabfa7fa9fdb,posted,136.58,debit,284eeb87-2bf3-4709-ba09-4e9527d15322,payment,Supermarket and Grocery Stores,2022,Jan,17,MasterCard
356,ea611929-bc37-44a9-b7a9-c44725bb541f,posted,121.8,debit,284eeb87-2bf3-4709-ba09-4e9527d15322,payment,Supermarket and Grocery Stores,2022,Jan,15,MasterCard
358,062856d8-de4e-4c60-b48e-fef25de012a9,posted,31.57,debit,284eeb87-2bf3-4709-ba09-4e9527d15322,payment,Unknown,2022,Jan,13,MasterCard
359,806a80de-1502-48e4-bf54-b38898ad2eee,posted,36.49,debit,284eeb87-2bf3-4709-ba09-4e9527d15322,payment,Specialised Food Retailing,2022,Jan,13,MasterCard
360,d3d5ff99-4be0-4b81-8847-455edd497bee,posted,26.04,debit,284eeb87-2bf3-4709-ba09-4e9527d15322,payment,"Cafes, Restaurants and Takeaway Food Services",2022,Jan,13,MasterCard
361,7f4c8e9a-4ad1-4982-a0f6-eb19131afda7,posted,3.03,debit,284eeb87-2bf3-4709-ba09-4e9527d15322,payment,Auxiliary Finance and Investment Services,2022,Jan,12,MasterCard
362,c5ce6957-b4d4-499a-9c1b-1dbbb8d1cd38,posted,106.5,debit,284eeb87-2bf3-4709-ba09-4e9527d15322,payment,Fuel Retailing,2022,Jan,12,MasterCard
363,fbe1f695-56ac-4ff5-b58f-8b700c9b3f7d,posted,13.5,debit,284eeb87-2bf3-4709-ba09-4e9527d15322,payment,"Cafes, Restaurants and Takeaway Food Services",2022,Jan,11,MasterCard
364,201feddb-b733-4a61-a953-33e10ba07fea,posted,31.17,debit,284eeb87-2bf3-4709-ba09-4e9527d15322,payment,Specialised Food Retailing,2022,Jan,11,MasterCard
365,a33221d3-62ee-4682-8418-4da40319042e,posted,12.35,debit,284eeb87-2bf3-4709-ba09-4e9527d15322,payment,"Cafes, Restaurants and Takeaway Food Services",2022,Jan,10,MasterCard
366,1a1949e9-bc1b-4fbb-818e-2f95674e6348,posted,74.68,debit,284eeb87-2bf3-4709-ba09-4e9527d15322,payment,Supermarket and Grocery Stores,2022,Jan,09,MasterCard
367,1915fc0f-3ba7-452e-9cf1-0959f759b2ca,posted,11.53,debit,284eeb87-2bf3-4709-ba09-4e9527d15322,payment,"Cafes, Restaurants and Takeaway Food Services",2022,Jan,09,MasterCard
368,6f71b159-0a87-44aa-94b8-4ea8b3e6097c,posted,79.52,debit,284eeb87-2bf3-4709-ba09-4e9527d15322,payment,Fuel Retailing,2022,Jan,08,MasterCard
369,fb8b9828-d41e-4087-9154-1500bb8784ee,posted,54.67,debit,284eeb87-2bf3-4709-ba09-4e9527d15322,payment,Supermarket and Grocery Stores,2022,Jan,06,MasterCard
370,e62bf4f2-b88a-4dda-b3de-82c3c7340a34,posted,6.56,debit,284eeb87-2bf3-4709-ba09-4e9527d15322,payment,"Cafes, Restaurants and Takeaway Food Services",2022,Jan,04,MasterCard
371,2e9cdd4b-75d1-42d7-9980-b2965562959a,posted,7.59,debit,284eeb87-2bf3-4709-ba09-4e9527d15322,payment,Specialised Food Retailing,2022,Jan,03,MasterCard
372,49d5d670-b5a1-468a-8f19-61d10e7ff070,posted,21.41,debit,284eeb87-2bf3-4709-ba09-4e9527d15322,payment,Supermarket and Grocery Stores,2022,Jan,02,MasterCard
373,c3b334a0-fbad-4d5f-bfaf-8540bf5d447c,posted,18.67,debit,284eeb87-2bf3-4709-ba09-4e9527d15322,payment,Supermarket and Grocery Stores,2022,Jan,02,MasterCard
375,33e60cb5-3743-41f3-b7fc-354c39fe8863,posted,142.01,debit,284eeb87-2bf3-4709-ba09-4e9527d15322,payment,Supermarket and Grocery Stores,2021,Dec,18,MasterCard
376,8f13b42d-a0d0-4631-bb3c-ee871492645b,posted,18.89,debit,284eeb87-2bf3-4709-ba09-4e9527d15322,payment,"Cafes, Restaurants and Takeaway Food Services",2021,Dec,17,MasterCard
377,e5bcdd68-54a7-4218-93f6-8ffc8a7885b1,posted,126.93,debit,284eeb87-2bf3-4709-ba09-4e9527d15322,payment,Supermarket and Grocery Stores,2021,Dec,16,MasterCard
378,f1a31d62-f550-48ae-9108-68199196b2cc,posted,122.81,debit,284eeb87-2bf3-4709-ba09-4e9527d15322,payment,Supermarket and Grocery Stores,2021,Dec,15,MasterCard
379,654aab70-d5c0-409e-8dde-3ac9c45f19fb,posted,133.88,debit,284eeb87-2bf3-4709-ba09-4e9527d15322,payment,Fuel Retailing,2021,Dec,15,MasterCard
380,818b0998-189e-4cb7-bb02-68c6109155e5,posted,28.03,debit,284eeb87-2bf3-4709-ba09-4e9527d15322,payment,"Cafes, Restaurants and Takeaway Food Services",2021,Dec,14,MasterCard
382,4ee8d679-9ce5-434f-a838-88e43c90a728,posted,36.92,debit,284eeb87-2bf3-4709-ba09-4e9527d15322,payment,Specialised Food Retailing,2021,Dec,13,MasterCard
383,1d5e3cf9-dc4d-4802-9c20-323cd488887e,posted,5.45,debit,284eeb87-2bf3-4709-ba09-4e9527d15322,payment,Auxiliary Finance and Investment Services,2021,Dec,13,MasterCard
384,a52c7177-b1b7-4378-a871-9fab54edd590,posted,27.95,debit,284eeb87-2bf3-4709-ba09-4e9527d15322,payment,Unknown,2021,Dec,12,MasterCard
385,ee63abf2-85f8-4dd2-a45a-552a2bd6ccef,posted,12.54,debit,284eeb87-2bf3-4709-ba09-4e9527d15322,payment,"Cafes, Restaurants and Takeaway Food Services",2021,Dec,10,MasterCard
386,d5e2953a-44f7-4ca8-b0c7-7a2eb392c193,posted,74.17,debit,284eeb87-2bf3-4709-ba09-4e9527d15322,payment,Supermarket and Grocery Stores,2021,Dec,09,MasterCard
387,ed67e591-4476-462f-a6ad-321264c1957b,posted,8.74,debit,284eeb87-2bf3-4709-ba09-4e9527d15322,payment,"Cafes, Restaurants and Takeaway Food Services",2021,Dec,06,MasterCard
388,4f227b53-3964-4f88-84b8-3049e538a0e2,posted,8.3,debit,284eeb87-2bf3-4709-ba09-4e9527d15322,payment,"Cafes, Restaurants and Takeaway Food Services",2021,Dec,06,MasterCard
389,d923c0cc-d2b8-407b-a08f-0ce79338a271,posted,17.18,debit,284eeb87-2bf3-4709-ba09-4e9527d15322,payment,Specialised Food Retailing,2021,Dec,06,MasterCard
390,81810f38-2cf7-450b-8240-016fc85c2048,posted,44.18,debit,284eeb87-2bf3-4709-ba09-4e9527d15322,payment,Supermarket and Grocery Stores,2021,Dec,05,MasterCard
391,c5471ab4-d3fc-4ad8-b722-72d3bd6fa421,posted,39.14,debit,284eeb87-2bf3-4709-ba09-4e9527d15322,payment,Supermarket and Grocery Stores,2021,Dec,04,MasterCard
393,aeb14874-5e07-42cd-91de-e55f3cd0bf43,posted,219.07,debit,284eeb87-2bf3-4709-ba09-4e9527d15322,payment,Supermarket and Grocery Stores,2021,Nov,28,MasterCard
394,18df8572-67b4-4033-b37e-e911076024cb,posted,188.19,debit,284eeb87-2bf3-4709-ba09-4e9527d15322,payment,Supermarket and Grocery Stores,2021,Nov,24,MasterCard
395,fd30df29-d80c-4d9d-b6aa-5388f1650c78,posted,164.97,debit,284eeb87-2bf3-4709-ba09-4e9527d15322,payment,Supermarket and Grocery Stores,2021,Nov,21,MasterCard
396,427f715a-db6a-4d7a-9632-2463f25695c8,posted,21.34,debit,284eeb87-2bf3-4709-ba09-4e9527d15322,payment,"Cafes, Restaurants and Takeaway Food Services",2021,Nov,20,MasterCard
397,09a1efd4-be41-4e58-9179-e1ea3a0935bc,posted,161.37,debit,284eeb87-2bf3-4709-ba09-4e9527d15322,payment,Supermarket and Grocery Stores,2021,Nov,20,MasterCard
398,29a9dab5-ffae-4882-ac75-4e73e0da1c6c,posted,46.69,debit,284eeb87-2bf3-4709-ba09-4e9527d15322,payment,Specialised Food Retailing,2021,Nov,17,MasterCard
399,fb4597ab-2416-4905-a3d9-444cbaef5962,posted,130.13,debit,284eeb87-2bf3-4709-ba09-4e9527d15322,payment,Supermarket and Grocery Stores,2021,Nov,16,MasterCard
400,73f969f2-7cb6-47f1-8973-e388005b5db2,posted,17.5,debit,284eeb87-2bf3-4709-ba09-4e9527d15322,payment,"Cafes, Restaurants and Takeaway Food Services",2021,Nov,16,MasterCard
401,6714b62d-9a85-4111-b832-1f86490cfd50,posted,37.37,debit,284eeb87-2bf3-4709-ba09-4e9527d15322,payment,Specialised Food Retailing,2021,Nov,13,MasterCard
402,d7846ee5-45a5-4604-af10-ea7efb5ba484,posted,28.76,debit,284eeb87-2bf3-4709-ba09-4e9527d15322,payment,Unknown,2021,Nov,13,MasterCard
403,c4150112-99ca-4283-8dd2-090f7b1ff07f,posted,14.56,debit,284eeb87-2bf3-4709-ba09-4e9527d15322,payment,"Cafes, Restaurants and Takeaway Food Services",2021,Nov,13,MasterCard
404,a8d4cfbe-4d08-4f1c-a998-3d865381ba40,posted,5.63,debit,284eeb87-2bf3-4709-ba09-4e9527d15322,payment,Auxiliary Finance and Investment Services,2021,Nov,13,MasterCard
405,72fc4862-bb5c-4ad0-a7db-f73ce6b48eff,posted,13.55,debit,284eeb87-2bf3-4709-ba09-4e9527d15322,payment,"Cafes, Restaurants and Takeaway Food Services",2021,Nov,11,MasterCard
406,02a24e2f-6c4d-40fe-8bfc-5cb33d09170a,posted,20.98,debit,284eeb87-2bf3-4709-ba09-4e9527d15322,payment,"Cafes, Restaurants and Takeaway Food Services",2021,Nov,10,MasterCard
407,6cbe864f-d5cc-4a35-be6d-0e92a7e5b4fb,posted,21.29,debit,284eeb87-2bf3-4709-ba09-4e9527d15322,payment,"Cafes, Restaurants and Takeaway Food Services",2021,Nov,10,MasterCard
408,c2b15851-9751-4dff-9c89-aac9f8be5719,posted,21.25,debit,284eeb87-2bf3-4709-ba09-4e9527d15322,payment,Specialised Food Retailing,2021,Nov,08,MasterCard
409,2895682b-dc62-4f32-82fd-e74cde12a7a2,posted,77.34,debit,284eeb87-2bf3-4709-ba09-4e9527d15322,payment,Fuel Retailing,2021,Nov,07,MasterCard
410,c5034edd-35fa-4b12-97f4-9019e3e0ed73,posted,64.33,debit,284eeb87-2bf3-4709-ba09-4e9527d15322,payment,Fuel Retailing,2021,Nov,05,MasterCard
411,4a38d9c5-5cb6-4c34-9de3-ffb487f8fd69,posted,39.72,debit,284eeb87-2bf3-4709-ba09-4e9527d15322,payment,Supermarket and Grocery Stores,2021,Nov,04,MasterCard
412,102eda68-a526-4ea0-bc12-ffcd5cf6d368,posted,6.86,debit,284eeb87-2bf3-4709-ba09-4e9527d15322,payment,"Cafes, Restaurants and Takeaway Food Services",2021,Nov,04,MasterCard
414,0212a1e5-40d1-43c7-8ec4-ad1e3cbda857,posted,30.52,debit,284eeb87-2bf3-4709-ba09-4e9527d15322,payment,Supermarket and Grocery Stores,2021,Nov,03,MasterCard
417,df77e25c-47c3-4217-9946-524ebdc5bd29,posted,202.36,debit,284eeb87-2bf3-4709-ba09-4e9527d15322,payment,Supermarket and Grocery Stores,2021,Oct,25,MasterCard
418,41a4eede-5968-4216-91e3-c7c56e98bd2a,posted,23.87,debit,284eeb87-2bf3-4709-ba09-4e9527d15322,payment,"Cafes, Restaurants and Takeaway Food Services",2021,Oct,22,MasterCard
419,93a393e8-1a76-4760-9a54-d26b31d45e97,posted,23.18,debit,284eeb87-2bf3-4709-ba09-4e9527d15322,payment,"Cafes, Restaurants and Takeaway Food Services",2021,Oct,22,MasterCard
420,5c8e2aee-c1a9-4311-ad52-65b2c120aace,posted,18.79,debit,284eeb87-2bf3-4709-ba09-4e9527d15322,payment,"Cafes, Restaurants and Takeaway Food Services",2021,Oct,17,MasterCard
421,c6ca6fea-d434-43c8-b203-61a0cce3547f,posted,46.25,debit,284eeb87-2bf3-4709-ba09-4e9527d15322,payment,Specialised Food Retailing,2021,Oct,17,MasterCard
423,86da4449-aef9-4b6c-9532-200becd3ee60,posted,5.16,debit,284eeb87-2bf3-4709-ba09-4e9527d15322,payment,Auxiliary Finance and Investment Services,2021,Oct,13,MasterCard
424,64cd45bd-eb2a-47fb-90c4-b29fe11d21b3,posted,29.8,debit,284eeb87-2bf3-4709-ba09-4e9527d15322,payment,Unknown,2021,Oct,13,MasterCard
425,464f950a-4d10-433d-b66e-ba19b393d51b,posted,97.5,debit,284eeb87-2bf3-4709-ba09-4e9527d15322,payment,Supermarket and Grocery Stores,2021,Oct,12,MasterCard
426,c179e3a8-769d-401f-8e92-e9a740a15dee,posted,52.89,debit,284eeb87-2bf3-4709-ba09-4e9527d15322,payment,Supermarket and Grocery Stores,2021,Oct,06,MasterCard
427,3597879c-8b4c-4b0e-92bc-3f94be96696a,posted,51.46,debit,284eeb87-2bf3-4709-ba09-4e9527d15322,payment,Supermarket and Grocery Stores,2021,Oct,06,MasterCard
428,0327bceb-ea8c-4fb2-ae58-7adca5fcfba0,posted,33.51,debit,284eeb87-2bf3-4709-ba09-4e9527d15322,payment,Supermarket and Grocery Stores,2021,Oct,04,MasterCard
429,5748a3f0-749f-4b31-ab02-15d6962b27e8,posted,5.19,debit,284eeb87-2bf3-4709-ba09-4e9527d15322,payment,"Cafes, Restaurants and Takeaway Food Services",2021,Oct,03,MasterCard
430,d32b73c9-f12a-4ff2-9af0-44c682535312,posted,42.74,debit,284eeb87-2bf3-4709-ba09-4e9527d15322,payment,Fuel Retailing,2021,Oct,02,MasterCard
431,e21d3097-060a-4240-b504-5df0730e3dbd,posted,22.69,debit,284eeb87-2bf3-4709-ba09-4e9527d15322,payment,Supermarket and Grocery Stores,2021,Oct,02,MasterCard
432,84367fe8-e25d-4f42-88c2-907c34c9f570,posted,222.33,debit,284eeb87-2bf3-4709-ba09-4e9527d15322,payment,Supermarket and Grocery Stores,2021,Sep,28,MasterCard
433,aaaa24e1-0fd8-4479-a6d4-bd0c7b7cf3bc,posted,183.35,debit,284eeb87-2bf3-4709-ba09-4e9527d15322,payment,Supermarket and Grocery Stores,2021,Sep,23,MasterCard
434,5f0ff144-7df1-43a1-b8ae-604a50fecbd5,posted,39.63,debit,284eeb87-2bf3-4709-ba09-4e9527d15322,payment,"Cafes, Restaurants and Takeaway Food Services",2021,Sep,22,MasterCard
436,73fa4930-97a1-4616-a1c2-4df2ca0d4a1a,posted,21.67,debit,284eeb87-2bf3-4709-ba09-4e9527d15322,payment,"Cafes, Restaurants and Takeaway Food Services",2021,Sep,20,MasterCard
437,87108005-bbf2-49b8-85f8-f2261d138ba0,posted,20.67,debit,284eeb87-2bf3-4709-ba09-4e9527d15322,payment,"Cafes, Restaurants and Takeaway Food Services",2021,Sep,19,MasterCard
438,af454892-b10e-43e3-83f2-2f60bd260e32,posted,143.17,debit,284eeb87-2bf3-4709-ba09-4e9527d15322,payment,Supermarket and Grocery Stores,2021,Sep,18,MasterCard
439,88de399d-44f2-4812-a13c-d504dc3f985d,posted,47.89,debit,284eeb87-2bf3-4709-ba09-4e9527d15322,payment,Specialised Food Retailing,2021,Sep,17,MasterCard
440,9d74a98d-d79a-48bf-835e-31f2f013fddc,posted,136.78,debit,284eeb87-2bf3-4709-ba09-4e9527d15322,payment,Supermarket and Grocery Stores,2021,Sep,17,MasterCard
441,8361f875-9813-46f4-9016-62c73ff9fd2b,posted,47.13,debit,284eeb87-2bf3-4709-ba09-4e9527d15322,payment,Specialised Food Retailing,2021,Sep,17,MasterCard
442,22d00faa-2e09-4e7d-a297-752f2263c576,posted,17.49,debit,284eeb87-2bf3-4709-ba09-4e9527d15322,payment,"Cafes, Restaurants and Takeaway Food Services",2021,Sep,16,MasterCard
443,68e2f644-db4e-42d8-959c-4bf1281eb30b,posted,128.75,debit,284eeb87-2bf3-4709-ba09-4e9527d15322,payment,Supermarket and Grocery Stores,2021,Sep,16,MasterCard
445,62d0dfcb-450d-482a-8d10-8ba2b5d0cb4a,posted,133.79,debit,284eeb87-2bf3-4709-ba09-4e9527d15322,payment,Fuel Retailing,2021,Sep,15,MasterCard
446,47037cbe-eaa5-4468-9b1b-a34bea6df6c8,posted,130.31,debit,284eeb87-2bf3-4709-ba09-4e9527d15322,payment,Fuel Retailing,2021,Sep,15,MasterCard
447,75b68598-9714-4db2-a81f-a6b1ccbbdabe,posted,17.02,debit,284eeb87-2bf3-4709-ba09-4e9527d15322,payment,"Cafes, Restaurants and Takeaway Food Services",2021,Sep,15,MasterCard
448,07a48db7-7025-4e81-9272-b1f9c0e3df42,posted,15.98,debit,284eeb87-2bf3-4709-ba09-4e9527d15322,payment,"Cafes, Restaurants and Takeaway Food Services",2021,Sep,14,MasterCard
449,b7e23fd4-d093-4659-81bb-05a1837c2619,posted,14.59,debit,284eeb87-2bf3-4709-ba09-4e9527d15322,payment,"Cafes, Restaurants and Takeaway Food Services",2021,Sep,13,MasterCard
450,42f34f8b-c421-42bb-a0b7-ef937dc76aff,posted,20.73,debit,284eeb87-2bf3-4709-ba09-4e9527d15322,payment,Unknown,2021,Sep,12,MasterCard
451,9662fe61-b4cb-472e-abf0-3a2b12fbef30,posted,24.52,debit,284eeb87-2bf3-4709-ba09-4e9527d15322,payment,"Cafes, Restaurants and Takeaway Food Services",2021,Sep,12,MasterCard
452,791c9883-b62f-4b9a-95d1-849f1eaacff2,posted,3.44,debit,284eeb87-2bf3-4709-ba09-4e9527d15322,payment,Auxiliary Finance and Investment Services,2021,Sep,12,MasterCard
453,d9568611-7998-43dd-ab9d-39773c851a74,posted,14.09,debit,284eeb87-2bf3-4709-ba09-4e9527d15322,payment,"Cafes, Restaurants and Takeaway Food Services",2021,Sep,12,MasterCard
454,20cee455-8c41-41d0-82d7-437437474533,posted,94.35,debit,284eeb87-2bf3-4709-ba09-4e9527d15322,payment,Supermarket and Grocery Stores,2021,Sep,11,MasterCard
455,bc55efc8-fa90-4477-b01f-ed74250febce,posted,101.72,debit,284eeb87-2bf3-4709-ba09-4e9527d15322,payment,Fuel Retailing,2021,Sep,11,MasterCard
456,bae77a1f-89bd-471e-b016-aaa04dda1d8b,posted,18.29,debit,284eeb87-2bf3-4709-ba09-4e9527d15322,payment,"Cafes, Restaurants and Takeaway Food Services",2021,Sep,09,MasterCard
457,b6ca4690-b3a6-442b-aad6-bbd5ae715ea2,posted,24.94,debit,284eeb87-2bf3-4709-ba09-4e9527d15322,payment,Specialised Food Retailing,2021,Sep,09,MasterCard
458,9836bea2-9807-4eec-9447-96491954b2b7,posted,69.75,debit,284eeb87-2bf3-4709-ba09-4e9527d15322,payment,Supermarket and Grocery Stores,2021,Sep,08,MasterCard
459,8e9ff64e-a667-4618-a0f7-efb24e6b6cc1,posted,21.92,debit,284eeb87-2bf3-4709-ba09-4e9527d15322,payment,Specialised Food Retailing,2021,Sep,08,MasterCard
460,2156a3a6-a53f-4746-ad0d-b69ddc1e3341,posted,71.59,debit,284eeb87-2bf3-4709-ba09-4e9527d15322,payment,Supermarket and Grocery Stores,2021,Sep,08,MasterCard
461,fbea57a7-52f8-4f2b-8b81-49c381ffe15d,posted,59.0,debit,284eeb87-2bf3-4709-ba09-4e9527d15322,payment,Supermarket and Grocery Stores,2021,Sep,07,MasterCard
462,118fa1de-9416-469b-87bf-bcec69887668,posted,12.6,debit,284eeb87-2bf3-4709-ba09-4e9527d15322,payment,"Cafes, Restaurants and Takeaway Food Services",2021,Sep,05,MasterCard
464,6fc62316-b45d-4762-8608-ea70fe347ce8,posted,53.95,debit,284eeb87-2bf3-4709-ba09-4e9527d15322,payment,Fuel Retailing,2021,Sep,04,MasterCard
465,85906ae2-aaf2-4524-8c2c-989ac368153f,posted,2.28,debit,284eeb87-2bf3-4709-ba09-4e9527d15322,payment,Specialised Food Retailing,2021,Sep,01,MasterCard
466,47c39a54-fa35-45f7-a97d-c85a12ef6dfb,posted,149.98,debit,284eeb87-2bf3-4709-ba09-4e9527d15322,payment,Supermarket and Grocery Stores,2021,Aug,19,MasterCard
467,dd6538a8-c068-4d61-9b1f-7ec3b6109b3f,posted,142.45,debit,284eeb87-2bf3-4709-ba09-4e9527d15322,payment,Supermarket and Grocery Stores,2021,Aug,18,MasterCard
468,cea1684a-f8e7-428e-85cb-9d8cd4698cac,posted,19.91,debit,284eeb87-2bf3-4709-ba09-4e9527d15322,payment,"Cafes, Restaurants and Takeaway Food Services",2021,Aug,18,MasterCard
469,6d943160-f232-4659-bf22-944d710121a8,posted,137.52,debit,284eeb87-2bf3-4709-ba09-4e9527d15322,payment,Supermarket and Grocery Stores,2021,Aug,17,MasterCard
470,116eeca2-d9c9-48dd-a5ae-e12d71aff3d2,posted,18.03,debit,284eeb87-2bf3-4709-ba09-4e9527d15322,payment,"Cafes, Restaurants and Takeaway Food Services",2021,Aug,16,MasterCard
471,d4f8ddb5-d401-41dd-b425-0c825426177c,posted,14.1,debit,284eeb87-2bf3-4709-ba09-4e9527d15322,payment,"Cafes, Restaurants and Takeaway Food Services",2021,Aug,12,MasterCard
472,b322d5f4-d954-4ae6-a43c-13f687d9e352,posted,2.38,debit,284eeb87-2bf3-4709-ba09-4e9527d15322,payment,Auxiliary Finance and Investment Services,2021,Aug,12,MasterCard
475,78feb9f5-5d76-4997-8217-b9399a7c3611,posted,26.44,debit,284eeb87-2bf3-4709-ba09-4e9527d15322,payment,Unknown,2021,Aug,12,MasterCard
476,86934450-936c-4299-8053-6f2bf690aed9,posted,56.31,debit,284eeb87-2bf3-4709-ba09-4e9527d15322,payment,Supermarket and Grocery Stores,2021,Aug,07,MasterCard
477,851f07f9-e7e9-4500-a784-84a1aa097a3d,posted,61.61,debit,284eeb87-2bf3-4709-ba09-4e9527d15322,payment,Supermarket and Grocery Stores,2021,Aug,07,MasterCard
478,5983e54f-03bb-4acf-9cc0-49c10659a547,posted,37.7,debit,284eeb87-2bf3-4709-ba09-4e9527d15322,payment,Supermarket and Grocery Stores,2021,Aug,04,MasterCard
479,e695b89a-4ad5-4ddb-865b-1df91ee03f6d,posted,5.63,debit,284eeb87-2bf3-4709-ba09-4e9527d15322,payment,"Cafes, Restaurants and Takeaway Food Services",2021,Aug,03,MasterCard
480,39a93b41-5c7e-48a1-8a76-7d0f300333bf,posted,234.03,debit,284eeb87-2bf3-4709-ba09-4e9527d15322,payment,Supermarket and Grocery Stores,2021,July,30,MasterCard
481,b63fc7ba-23d0-444c-9642-cf470402e388,posted,224.84,debit,284eeb87-2bf3-4709-ba09-4e9527d15322,payment,Supermarket and Grocery Stores,2021,July,28,MasterCard
482,76e5e842-567d-491d-8596-a47d3a6e0b59,posted,45.28,debit,284eeb87-2bf3-4709-ba09-4e9527d15322,payment,"Cafes, Restaurants and Takeaway Food Services",2021,July,25,MasterCard
483,566264dd-4b85-489a-8af9-f7e469c55383,posted,188.01,debit,284eeb87-2bf3-4709-ba09-4e9527d15322,payment,Supermarket and Grocery Stores,2021,July,24,MasterCard
484,f2241ec4-42ba-4f16-b333-ab5f11e15b86,posted,24.75,debit,284eeb87-2bf3-4709-ba09-4e9527d15322,payment,"Cafes, Restaurants and Takeaway Food Services",2021,July,23,MasterCard
485,4fdd2454-30b6-413f-bcef-9a91d650b262,posted,158.38,debit,284eeb87-2bf3-4709-ba09-4e9527d15322,payment,Supermarket and Grocery Stores,2021,July,20,MasterCard
487,27f30b4c-3415-4cb4-9da0-08f9b884a12d,posted,33.53,debit,284eeb87-2bf3-4709-ba09-4e9527d15322,payment,"Cafes, Restaurants and Takeaway Food Services",2021,July,18,MasterCard
489,c8568da3-c17c-43cc-926b-58f94810d0e4,posted,18.52,debit,284eeb87-2bf3-4709-ba09-4e9527d15322,payment,"Cafes, Restaurants and Takeaway Food Services",2021,July,17,MasterCard
490,8f3e3419-17f7-42d4-a22d-71c1ec1f012c,posted,140.05,debit,284eeb87-2bf3-4709-ba09-4e9527d15322,payment,Supermarket and Grocery Stores,2021,July,17,MasterCard
491,25f60889-c3f1-48bd-888b-861e3c3ed0f6,posted,129.49,debit,284eeb87-2bf3-4709-ba09-4e9527d15322,payment,Fuel Retailing,2021,July,15,MasterCard
492,8534eefe-a747-4f55-8323-030226e7e962,posted,28.26,debit,284eeb87-2bf3-4709-ba09-4e9527d15322,payment,"Cafes, Restaurants and Takeaway Food Services",2021,July,15,MasterCard
493,3ca586f9-7d58-441d-a167-ad18124b3176,posted,15.93,debit,284eeb87-2bf3-4709-ba09-4e9527d15322,payment,"Cafes, Restaurants and Takeaway Food Services",2021,July,14,MasterCard
494,60f637e3-0721-4e0d-b748-618c10acd896,posted,117.5,debit,284eeb87-2bf3-4709-ba09-4e9527d15322,payment,Fuel Retailing,2021,July,13,MasterCard
495,8915d619-a283-43ac-8e43-c0d555e2eaa4,posted,34.27,debit,284eeb87-2bf3-4709-ba09-4e9527d15322,payment,Unknown,2021,July,13,MasterCard
496,2bfb3835-d678-485a-951e-773d12f0b76f,posted,4.63,debit,284eeb87-2bf3-4709-ba09-4e9527d15322,payment,Auxiliary Finance and Investment Services,2021,July,13,MasterCard
497,ebae7fd2-a8ca-40bb-9dee-cf0b9c9a3653,posted,36.36,debit,284eeb87-2bf3-4709-ba09-4e9527d15322,payment,Specialised Food Retailing,2021,July,13,MasterCard
498,8352e2df-c379-4c41-b09f-d00fd365bb06,posted,14.22,debit,284eeb87-2bf3-4709-ba09-4e9527d15322,payment,"Cafes, Restaurants and Takeaway Food Services",2021,July,12,MasterCard
499,8509f4a3-93fb-48b1-beda-381f4fc4d1ce,posted,112.25,debit,284eeb87-2bf3-4709-ba09-4e9527d15322,payment,Fuel Retailing,2021,July,12,MasterCard
